# Static analysis raw logs

## Radon complexity
 Container birdlense-redis  Running
WARNING: Running pip as the 'root' user can result in broken permissions and conflicting behaviour with the system package manager, possibly rendering your system unusable. It is recommended to use a virtual environment instead: https://pip.pypa.io/warnings/venv. Use the --root-user-action option if you know what you are doing and want to suppress this warning.
web/telegram_mtproto.py
    F 131:0 _mtproto_send_inner - C (15)
    F 18:0 _parse_api_id - C (12)
    F 42:0 _parse_port - B (8)
    F 77:0 _telegram_api_credentials - B (6)
    F 105:0 _run_coro_sync - A (5)
    F 264:0 telegram_proxy_type - A (4)
    F 94:0 _mtproxy_connection_class - A (3)
    C 58:0 _TelegramHttpShim - A (3)
    M 68:4 _TelegramHttpShim.json - A (3)
    F 231:0 mtproto_send - A (1)
    M 63:4 _TelegramHttpShim.__init__ - A (1)
web/app_logging.py
    C 12:0 RequestContextFilter - A (3)
    M 15:4 RequestContextFilter.filter - A (2)
    F 26:0 configure_process_logging - A (1)
    F 44:0 init_request_logging - A (1)
web/weather_service.py
    M 47:4 WeatherFetcher._fetch_weather_data - B (8)
    C 28:0 WeatherFetcher - A (4)
    C 89:0 HAWeatherFetcher - A (4)
    M 105:4 HAWeatherFetcher._fetch - A (4)
    F 20:0 _normalize_coord - A (3)
    F 141:0 _create_weather_fetcher - A (3)
    M 41:4 WeatherFetcher._is_cache_valid - A (3)
    M 92:4 HAWeatherFetcher.__init__ - A (3)
    M 100:4 HAWeatherFetcher._is_cache_valid - A (3)
    M 79:4 WeatherFetcher.fetch - A (2)
    M 131:4 HAWeatherFetcher.fetch - A (2)
    F 162:0 fetch_weather - A (1)
    M 31:4 WeatherFetcher.__init__ - A (1)
web/time_util.py
    F 15:0 parse_utc_timestamp - A (3)
    F 28:0 parse_timeline_iso - A (3)
    F 8:0 ensure_utc - A (2)
web/observer_time.py
    F 99:0 observer_local_range - B (7)
    F 14:0 fetch_sun_times - B (6)
    F 53:0 _observer_timezone_name_cached - A (3)
    F 68:0 get_observer_timezone_name - A (3)
    F 77:0 get_observer_timezone - A (2)
    F 176:0 observer_local_hour - A (2)
    F 87:0 observer_local_day_bounds - A (1)
web/extensions.py
    F 23:0 init_extensions - A (1)
web/app_startup.py
    F 91:0 bootstrap_species_metadata_repair - B (8)
    F 134:0 bootstrap_species_metadata_enrich - B (7)
    F 68:0 bootstrap_legacy_import_cleanup - A (5)
    F 40:0 bootstrap_species_registry - A (3)
    F 25:0 _env_truthy - A (2)
    F 33:0 apply_schema_migrations_and_seed - A (1)
web/config.py
    C 23:0 Config - A (3)
web/flask_extensions.py
    F 16:0 apply_cors - C (11)
    F 36:0 register_sqlite_connect_pragmas - A (2)
web/app.py
    F 27:0 create_app - A (1)
web/recording_layout_paths.py
    F 21:0 stat_recording_layout_file - C (13)
web/data_paths.py
    F 129:0 resolve_recording_video_file - C (16)
    F 103:0 full_path_for_video - B (10)
    F 27:0 _resolved_path_under_data_dir - B (9)
    F 58:0 read_safe_image_bytes - B (6)
    F 81:0 remove_safe_image_file - B (6)
    F 46:0 _is_safe_image_path - A (3)
    F 9:0 _data_dir - A (2)
    F 19:0 _path_is_under_data_dir - A (2)
    F 14:0 data_dir - A (1)
    F 98:0 recordings_dir - A (1)
web/birdlense_mcp.py
    F 85:0 main - A (4)
    F 39:0 get_mcp_token - A (3)
    F 44:0 get_api_base_url - A (3)
    F 53:0 create_mcp_server - A (3)
    F 75:0 check_mcp - A (3)
web/timeline_payloads.py
    F 18:0 get_primary_video_for_visit_in_window - C (17)
    F 52:0 format_visit_for_timeline - B (9)
    F 102:0 format_unlinked_video_for_timeline - B (7)
    F 13:0 get_primary_video_for_visit - A (1)
web/models.py
    C 11:0 Base - A (1)
    C 21:0 VideoSpecies - A (1)
    C 64:0 Species - A (1)
    C 97:0 SpeciesTaxon - A (1)
    C 122:0 SpeciesAlias - A (1)
    C 138:0 SpeciesUnresolvedName - A (1)
    C 160:0 BirdFood - A (1)
    C 173:0 Video - A (1)
    C 214:0 ActivityLog - A (1)
    C 230:0 SiteVisitor - A (1)
    C 262:0 PushSubscription - A (1)
    C 277:0 BirdnetFifoEvent - A (1)
    C 289:0 SpeciesVisit - A (1)
    C 309:0 SystemResourceSample - A (1)
web/auth.py
    F 55:0 settings_check_access - C (11)
    F 117:0 contributor_or_admin_access - B (9)
    F 148:0 client_ip_for_rate_limit - B (7)
    F 41:0 mcp_bearer_authorized - B (6)
    F 188:0 _prune_verify_password_attempts_locked - B (6)
    F 21:0 _is_production_runtime - A (4)
    F 97:0 admin_settings_yaml_access - A (4)
    F 230:0 check_visitor_track_rate_limit - A (4)
    F 86:0 admin_track_regen_access - A (3)
    F 135:0 ui_sensitive_export_access - A (3)
    F 36:0 _has_contributor_password - A (2)
    F 81:0 settings_read_access - A (2)
    F 110:0 settings_yaml_safe_export_access - A (2)
    F 29:0 _get_session_role - A (1)
    F 182:0 _clear_verify_password_attempts - A (1)
    F 201:0 _check_verify_password_rate_limit - A (1)
    F 210:0 _record_verify_password_failure - A (1)
    F 218:0 verify_password_retry_after_seconds - A (1)
web/metrics_auth.py
    F 9:0 metrics_bearer_denied - B (8)
web/errors.py
    F 13:0 register_error_handlers - A (1)
web/gpu_stats.py
    F 23:0 _intel_gpu_top - D (29)
    F 92:0 _fdinfo_snapshot - C (16)
    F 133:0 _fdinfo_percent - C (11)
    F 169:0 get_intel_gpu_percent - A (3)
web/species_metadata.py
    F 731:0 update_species_info_from_wiki - F (73)
    F 665:0 _wikipedia_query_titles_for_species - E (38)
    F 523:0 _pick_inaturalist_taxon_row - D (25)
    F 583:0 get_inaturalist_image_and_description - D (23)
    F 401:0 get_wikipedia_image_and_description - D (22)
    F 184:0 infer_metadata_source_fields - C (13)
    F 228:0 _extract_wiki_search_title - C (13)
    F 851:0 filter_feeder_species - B (9)
    F 157:0 _host_is_inaturalist_open_data_asset - B (8)
    F 208:0 _extract_common_for_hierarchy - B (8)
    F 125:0 _url_hostname_lower - B (7)
    F 269:0 wikipedia_extract_rejects_wrong_topic - B (6)
    F 299:0 load_species_canonical_mapping - B (6)
    F 654:0 _en_wikipedia_bird_title_variant - B (6)
    F 138:0 _host_is_wikipedia_family - A (5)
    F 492:0 _inat_row_is_fine_avian_taxon - A (5)
    F 511:0 _inat_rows_species_rank - A (5)
    F 253:0 _norm_ambiguous_common_key - A (4)
    F 283:0 _load_hierarchy_parent_map - A (4)
    F 354:0 _get_feeder_taxonomy_context - A (4)
    F 150:0 _host_is_inaturalist - A (3)
    F 176:0 _url_suggests_inaturalist_asset - A (3)
    F 340:0 _species_catalog_signature - A (3)
    F 375:0 get_parent_name_for_species - A (3)
    F 384:0 build_hierarchy_tree - A (3)
    F 504:0 _inat_observations_count - A (3)
    F 114:0 _allowlist_scientific_for_species_name - A (2)
    F 263:0 _typo_catalog_wikipedia_title - A (2)
    F 318:0 normalize_species_to_canonical - A (2)
    F 258:0 disambiguated_wikipedia_title_for_display_name - A (1)
    F 333:0 bust_feeder_species_filter_cache - A (1)
    F 839:0 refresh_species_metadata_from_sources - A (1)
web/services/system_diagnostics_service.py
    F 208:0 purge_broken_video_rows - C (18)
    F 144:0 delete_broken_video_rows - C (15)
    F 308:0 purge_no_species_video_rows - C (14)
    F 47:0 build_broken_videos_list_response - B (10)
    F 84:0 preview_broken_video_rows_delete - B (10)
    F 397:0 build_birdnet_fifo_snapshot_response - B (9)
    F 118:0 _cascade_delete_videos_collect_dirs - A (5)
    F 37:0 parse_broken_videos_list_params - A (4)
    F 458:0 build_processor_runtime_snapshot_response - A (4)
    F 131:0 _remove_recording_dirs - A (3)
    F 490:0 build_review_only_noise_candidates_response - A (3)
    F 530:0 parse_review_only_noise_limit - A (2)
web/services/recording_protection.py
    F 14:0 protected_favorite_session_dirs - C (11)
    F 44:0 session_dir_for_video_path - B (8)
    F 62:0 video_row_in_protected_session - A (3)
web/services/ui_password_service.py
    F 52:0 hash_password_fields_in_updates - B (9)
    F 21:0 verify_ui_password - B (8)
    F 16:0 stored_ui_password_is_bcrypt - A (3)
    F 43:0 hash_ui_password_plain - A (3)
web/services/review_queue_service.py
    F 18:0 fetch_review_queue_items - D (26)
web/services/review_queue_bulk_plan.py
    F 31:0 resolve_review_queue_bulk_plan - D (30)
    F 14:0 _parse_unknown_ids - B (7)
web/services/detection_species_correction_service.py
    F 102:0 apply_detection_species_patch - E (39)
    F 29:0 run_confirm_detection - B (7)
    F 78:0 _run_dataset_crop_followup - B (6)
web/services/overview_service.py
    F 31:0 get_overview_data - D (23)
    F 17:0 _visit_overlaps_window - A (1)
    F 24:0 _video_overlaps_window - A (1)
web/services/timeline_export_service.py
    F 70:0 build_timeline_export_response_parts - A (5)
    F 35:0 build_timeline_export_rows - A (4)
    F 59:0 _ebird_dedupe_rows - A (4)
    F 28:0 validate_timeline_export_format - A (2)
web/services/overview_request_service.py
    F 14:0 resolve_overview_window - A (5)
    C 10:0 OverviewWindowError - A (1)
web/services/favorites_catalog_service.py
    F 60:0 build_favorites_by_species_payload - B (9)
    F 31:0 _video_payload - A (3)
    F 45:0 _species_group_payload - A (3)
    F 13:0 _iso_utc - A (2)
    F 19:0 _species_payload - A (1)
web/services/timeline_window_service.py
    F 14:0 resolve_timeline_utc_window - B (6)
    C 10:0 TimelineWindowError - A (1)
web/services/prometheus_metrics_service.py
    F 18:0 prometheus_metrics_body - B (8)
web/services/system_admin_api_service.py
    F 70:0 start_bulk_spectrogram_regeneration - A (4)
    F 141:0 start_single_video_track_regeneration - A (4)
    F 63:0 _birdnet_configured - A (3)
    F 99:0 start_single_video_spectrogram_regeneration - A (3)
    F 45:0 processor_logs_tail_http_response - A (2)
    F 54:0 compute_system_activity_uptime - A (2)
    F 36:0 build_config_audit_payload - A (1)
web/services/corrections_activity_service.py
    F 73:0 fetch_recent_species_corrections - B (8)
    F 15:0 normalize_correction_source - A (3)
    F 22:0 normalize_apply_scope - A (3)
    F 29:0 write_correction_activity - A (2)
web/services/species_data_quality_service.py
    F 34:0 find_duplicate_name_groups - C (12)
    F 105:0 species_ids_to_exclude_from_bird_catalog - B (9)
    F 25:0 _norm_key - A (2)
    F 81:0 build_data_quality_report - A (2)
web/services/detection_quality_baseline_service.py
    F 99:0 _trace_summary_from_payloads - D (22)
    F 57:0 _bbox_area_from_frames - C (13)
    F 32:0 _latest_live_traces_since - B (8)
    F 20:0 _coerce_datetime - B (6)
    F 83:0 _object_scale - A (4)
    F 93:0 _time_of_day_bucket - A (4)
    F 182:0 build_detection_quality_baseline - A (4)
    F 158:0 _detection_slices_since - A (3)
    F 16:0 _utc_now_naive - A (1)
web/services/system_metrics_api_service.py
    F 182:0 track_site_visitor - B (8)
    F 56:0 build_metrics_summary_dict - A (5)
    F 263:0 metrics_history_payload_or_error - A (4)
    F 167:0 parse_visitors_days - A (3)
    F 245:0 clamp_metrics_history_hours - A (3)
    F 253:0 clamp_metrics_history_max_points - A (3)
    F 105:0 metrics_summary_json_or_error - A (2)
    F 113:0 prometheus_text_or_error - A (2)
    F 121:0 system_metrics_live_payload_or_error - A (2)
    F 136:0 observability_payload_or_error - A (2)
    F 174:0 visitor_stats_or_error - A (2)
web/services/system_activity_service.py
    F 16:0 parse_system_activity_month - A (5)
    F 31:0 fetch_system_activity_daily_uptime - A (3)
    C 12:0 SystemActivityMonthError - A (1)
web/services/artifact_paths_service.py
    F 16:0 resolve_artifact_path - B (6)
    F 35:0 sha256_file - A (5)
    F 11:0 repo_root_path - A (1)
    F 48:0 config_fingerprint - A (1)
web/services/video_payload_service.py
    F 54:0 build_video_detection_frames_dict - A (4)
    F 28:0 build_video_detail_dict - A (3)
    F 11:0 _species_row - A (2)
web/services/settings_patch_service.py
    F 21:0 normalize_settings_patch_updates - C (13)
    F 51:0 validate_settings_patch_updates - A (2)
    C 13:0 SettingsPatchValidationError - A (2)
    F 59:0 apply_settings_patch_and_refresh_caches - A (1)
    F 76:0 apply_settings_patch_from_request - A (1)
    M 16:4 SettingsPatchValidationError.__init__ - A (1)
web/services/broken_videos_inventory_service.py
    F 13:0 broken_video_row_reason - B (9)
    F 54:0 scan_broken_videos_inventory - B (9)
    F 40:0 broken_video_row_payload - A (3)
    F 94:0 videos_with_species_exist_clause - A (1)
    F 99:0 video_row_has_no_species - A (1)
web/services/feeder_scale.py
    F 120:0 _fetch_esphome_scale - D (22)
    F 242:0 get_feeder_scale_snapshot - C (14)
    F 210:0 trigger_scale_tare - C (11)
    F 85:0 _fetch_ha_scale - B (9)
    F 157:0 video_scales_estimate_payload - B (8)
    F 191:0 scale_tare_available - B (7)
    F 50:0 _parse_bool_state - A (5)
    F 63:0 _fetch_ha_entity_state - A (5)
    F 107:0 _fetch_esphome_json - A (5)
    F 182:0 scale_mqtt_command_topic - A (5)
    F 38:0 _read_scale_file - A (3)
    F 31:0 _data_dir - A (2)
    F 205:0 scale_tare_mqtt_available - A (1)
    F 237:0 publish_scale_tare_via_mqtt - A (1)
web/services/strict_ui_api_auth_service.py
    F 28:0 ui_api_key_authorized - C (11)
    F 46:0 strict_ui_request_authorized - A (4)
    F 70:0 _canonical_path - A (3)
    F 17:0 _env_flag_enabled - A (2)
    F 23:0 strict_ui_api_auth_enabled - A (2)
    F 75:0 register_strict_ui_api_auth_middleware - A (1)
web/services/species_image_proxy_service.py
    F 111:0 run_species_image_proxy - D (30)
    F 40:0 species_proxy_sanitized_fetch_url - C (16)
    F 78:0 fetch_species_proxy_upstream - B (9)
    F 24:0 species_proxy_allowed_url - B (8)
    F 68:0 species_proxy_client_error_message - A (4)
web/services/ml_health_stats_service.py
    F 26:0 ml_health_snapshot - C (14)
    F 14:0 species_correction_rows_since - A (1)
web/services/ebird_region_service.py
    F 41:0 get_region_comparison - C (19)
    F 26:0 list_observed_species_names_for_comparison - A (2)
web/services/http_response_cache.py
    F 32:0 bust_response_caches - A (2)
    F 38:0 bust_system_response_caches - A (2)
    F 44:0 bust_all_api_caches - A (1)
web/services/ebird_export_service.py
    F 20:0 build_ebird_csv - C (17)
web/services/fusion_training_service.py
    F 104:0 flatten_fusion_eval_report_rows - E (34)
    F 230:0 normalize_fusion_trace_row - E (34)
    F 313:0 run_fusion_export_job - C (20)
    F 273:0 score_fusion_rows - C (15)
    F 432:0 run_fusion_eval_job - B (9)
    F 186:0 fusion_processor_src_dir - B (6)
    F 22:0 repo_root - A (5)
    F 63:0 ensure_shipped_fusion_layout_for_training - A (4)
    F 221:0 _persisted_track_list_from_trace_payload - A (4)
    F 82:0 latest_fusion_export_path - A (2)
    F 93:0 latest_fusion_eval_report_path - A (2)
    F 214:0 ensure_fusion_processor_src_on_path - A (2)
    F 75:0 fusion_export_dir - A (1)
    F 175:0 write_fusion_eval_report_csv - A (1)
web/services/visit_processor.py
    M 140:4 VisitProcessor.process_detections - B (8)
    M 255:4 VisitProcessor.update_simultaneous_count - B (7)
    M 106:4 VisitProcessor.process_audio_detection - A (4)
    C 18:0 VisitProcessor - A (3)
    M 200:4 VisitProcessor.get_or_create_visit - A (3)
    F 11:0 _ensure_utc - A (2)
    M 21:4 VisitProcessor.__init__ - A (2)
    M 37:4 VisitProcessor.process_video_detection - A (2)
    M 75:4 VisitProcessor.process_video_detection_review_only - A (2)
    M 237:4 VisitProcessor._find_active_visit_for_audio - A (2)
    M 233:4 VisitProcessor.get_or_create_species - A (1)
    M 272:4 VisitProcessor._get_or_create_visit - A (1)
    M 275:4 VisitProcessor._get_or_create_species - A (1)
    M 278:4 VisitProcessor._update_simultaneous_count - A (1)
web/services/ml_quality_cycle_service.py
    F 25:0 _dataset_quality_gate - C (12)
    F 42:0 build_review_retrain_cycle_report - B (7)
    F 15:0 _read_json - A (3)
web/services/species_tuning_targets_service.py
    F 61:0 build_tuning_targets_payload - B (9)
    F 37:0 dataset_class_folders - B (7)
    F 14:0 get_tuning_target_ids - B (6)
    F 28:0 save_tuning_target_ids - A (4)
    F 98:0 apply_tuning_target_toggle - A (3)
web/services/species_merge_service.py
    F 10:0 _copy_missing_metadata - D (21)
    F 25:0 merge_species_into - B (7)
web/services/migration_calendar_service.py
    F 51:0 get_migration_calendar - F (42)
    F 22:0 _dataset_class_names - C (11)
    F 18:0 _norm_key - A (2)
    F 47:0 _folder_display_name - A (2)
web/services/recordings_mirror_test_service.py
    F 34:0 test_recordings_mirror_connection - D (27)
    F 19:0 _mkdir_p - B (8)
    F 11:0 _mirror_config - A (5)
web/services/track_regen_service.py
    F 32:0 derive_track_regen_species_scope - C (11)
    F 90:0 build_track_regen_policy_snapshot - C (11)
    F 55:0 remap_detection_to_local_scope - B (10)
    F 14:0 run_track_regen_with_precise_fallback - A (4)
    F 73:0 summarize_track_regen_detections - A (4)
web/services/detection_crop_api_service.py
    F 11:0 get_detection_crop_jpeg_and_filename - A (5)
web/services/report_service.py
    F 62:0 build_monthly_report - C (12)
    F 252:0 get_monthly_report_data - B (10)
    F 244:0 _format_seconds - A (3)
    F 31:0 _build_header_footer - A (1)
web/services/species_metadata_enrichment_service.py
    F 8:0 enrich_species_metadata - A (1)
web/services/system_route_payload_parsers.py
    F 6:0 parse_video_ids - B (7)
web/services/video_neighbors_service.py
    F 49:0 build_video_neighbors_payload - D (24)
    F 20:0 parse_video_neighbors_request_args - C (11)
    C 16:0 VideoNeighborsParamError - A (1)
web/services/system_domain_health_service.py
    F 50:0 _duplicate_clip_candidates - C (11)
    F 27:0 _clip_duplicate_gap_seconds - B (6)
    F 115:0 _recent_unresolved_names - A (5)
    F 134:0 _recent_review_only_detections - A (5)
    F 180:0 build_domain_health_payload - A (5)
    F 163:0 _thresholds_safe - A (4)
    F 42:0 _large_gap_seconds - A (3)
    F 23:0 _utc_now - A (1)
web/services/system_file_test_service.py
    F 227:0 save_file_test_upload - C (16)
    F 80:0 _safe_join_file - B (8)
    F 185:0 write_desired - B (7)
    F 123:0 list_file_test_files - B (6)
    F 159:0 get_file_test_status - B (6)
    F 95:0 _ffprobe_duration - A (5)
    F 67:0 resolved_file_test_dir - A (4)
    F 147:0 read_processor_status - A (4)
    F 212:0 delete_file_test_video - A (4)
    F 30:0 max_upload_bytes - A (3)
    F 49:0 atomic_write_json - A (3)
    F 41:0 _control_dir - A (1)
    F 45:0 _ensure_control_dir - A (1)
web/services/component_status_service.py
    F 50:0 build_component_status_payload - D (27)
    F 41:0 build_component_status_payload_safe - A (2)
    F 25:0 _fallback_component_status_payload - A (1)
web/services/session_idle_service.py
    F 29:0 _idle_enforced - A (5)
    F 37:0 _idle_minutes - A (3)
    F 25:0 _session_has_unlock_state - A (2)
    F 15:0 stamp_session_activity_now - A (1)
    F 21:0 clear_session_activity_timestamp - A (1)
    F 48:0 register_session_idle_middleware - A (1)
web/services/web_push_service.py
    F 78:0 send_web_push - D (22)
    F 163:0 parse_push_subscription_body - C (11)
    F 30:0 _ensure_vapid_keys - B (6)
    F 61:0 get_vapid_public_key - A (3)
    F 13:0 _is_unrecoverable_subscription_error - A (2)
    F 186:0 upsert_push_subscription - A (2)
    F 181:0 enable_web_push_and_save - A (1)
    C 159:0 PushSubscriptionBodyError - A (1)
web/services/readiness_service.py
    F 15:0 _path_status - A (5)
    F 28:0 build_readiness_payload - A (5)
web/services/system_live_metrics_service.py
    F 12:0 collect_live_system_metrics - C (12)
web/services/visitor_stats_service.py
    F 87:0 device_class_from_user_agent - C (11)
    F 25:0 collect_visitor_stats - B (9)
    F 13:0 downsample_evenly - A (4)
    F 100:0 browser_hash - A (1)
web/services/species_regional_scope.py
    F 15:0 compute_regional_scope_species_ids - B (9)
web/services/species_visit_maintenance_service.py
    F 175:0 _collect_large_gap_visit_splits - C (11)
    F 125:0 _collect_visit_realignments - B (9)
    F 87:0 apply_clean_orphaned_visits - B (8)
    F 42:0 _collect_species_sync_actions - A (5)
    F 159:0 _max_simultaneous_for_group - A (4)
    F 256:0 preview_split_large_gap_visits - A (4)
    F 277:0 apply_split_large_gap_visits - A (4)
    F 227:0 _group_bounds - A (3)
    F 117:0 _detection_wall_time - A (2)
    F 243:0 apply_realign_visit_times - A (2)
    F 35:0 _collect_orphaned_visits - A (1)
    F 75:0 preview_clean_orphaned_visits - A (1)
    F 233:0 preview_realign_visit_times - A (1)
    C 16:0 _VisitTiming - A (1)
    C 23:0 _DetectionTiming - A (1)
    C 30:0 _VisitSplitPlan - A (1)
web/services/species_identity_service.py
    M 65:4 SpeciesIdentityService.resolve_or_create_species - C (20)
    M 37:4 SpeciesIdentityService.ingest_blocked - C (13)
    C 18:0 SpeciesIdentityService - B (10)
    M 25:4 SpeciesIdentityService.get_or_create_unknown_species - A (3)
    M 21:4 SpeciesIdentityService.__init__ - A (1)
web/services/system_spectrogram_regen_service.py
    F 21:0 run_regenerate_spectrograms_worker - C (20)
    F 15:0 _processor_src_dir - A (1)
web/services/sqlite_admin_service.py
    F 37:0 remove_sqlite_sidecars - A (4)
    F 10:0 sqlite_main_file_path - A (3)
    F 18:0 validate_sqlite_file - A (3)
    F 25:0 backup_sqlite_to_file - A (2)
    F 47:0 replace_live_sqlite_db - A (2)
web/services/system_fusion_telegram_jobs_service.py
    F 76:0 fusion_export_download_file_or_error - A (3)
    F 83:0 fusion_eval_download_file_or_error - A (3)
    F 90:0 start_fusion_eval_background - A (3)
    F 24:0 start_fusion_export_background - A (2)
    F 152:0 start_telegram_proxy_refresh_background - A (2)
    F 71:0 fusion_export_status_snapshot - A (1)
    F 147:0 fusion_eval_status_snapshot - A (1)
    F 199:0 telegram_proxy_refresh_status_snapshot - A (1)
web/services/ml_lineage_service.py
    F 16:0 current_model_lineage_snapshot - C (12)
web/services/review_queue_bulk_delete_api_service.py
    F 47:0 execute_review_queue_bulk_delete - C (14)
    F 22:0 build_review_queue_delete_preview_payload - A (4)
web/services/birdnet_fifo_view_service.py
    F 118:0 build_birdnet_fifo_snapshot_payload - C (18)
    F 191:0 try_build_birdnet_fifo_snapshot_from_db - C (12)
    F 80:0 prune_birdnet_event_list_db_view - B (9)
    F 52:0 sanitize_birdnet_event_for_export - B (6)
    F 36:0 _parse_ts - A (4)
    F 70:0 birdnet_fifo_cap_from_config - A (3)
    F 48:0 _parse_iso8601_utc - A (1)
web/services/feed_service.py
    F 63:0 _get_mqtt_client - C (14)
    F 186:0 mqtt_publish_once - C (12)
    F 138:0 dispense_feed - B (10)
    F 104:0 check_mqtt_connected - B (8)
    F 123:0 check_esphome_reachable - B (6)
    F 42:0 get_last_dispense - A (3)
    F 31:0 _save_last_dispense - A (2)
    F 26:0 _feed_data_path - A (1)
    F 57:0 _on_feed_disconnect - A (1)
web/services/system_sqlite_admin_api_service.py
    F 57:0 restore_sqlite_database_from_upload - B (10)
    F 112:0 run_retention_and_bust_caches - A (5)
    F 26:0 prepare_sqlite_db_backup_download - A (4)
web/services/upload_request_encoding_guard.py
    F 24:0 _content_encoding_tokens - A (5)
    F 36:0 register_upload_request_encoding_guard - A (1)
web/services/processor_restart_service.py
    F 8:0 write_processor_restart_flag - A (1)
web/services/system_storage_service.py
    F 133:0 purge_storage_from_body - F (58)
    F 47:0 recording_days_iso_sorted - B (10)
    F 74:0 build_storage_stats_list - B (10)
    F 107:0 nearest_recording_day_response - B (9)
    F 25:0 summarize_recording_day_directory - B (7)
web/services/cache.py
    F 44:0 mask_redis_url - C (13)
    F 76:0 _redis - B (8)
    F 188:0 cache_delete_prefix - B (7)
    F 29:0 _redis_url_effective - B (6)
    F 134:0 cache_get - B (6)
    F 158:0 cache_set - A (5)
    F 124:0 _deserialize - A (4)
    F 176:0 cache_delete - A (3)
    F 68:0 redis_url_effective_masked_for_api - A (2)
    F 117:0 _serialize - A (2)
    F 22:0 reset_redis_client - A (1)
    F 113:0 _full_key - A (1)
    F 204:0 cached - A (1)
web/services/monthly_report_window_service.py
    F 16:0 resolve_monthly_report_window - B (8)
    C 12:0 MonthlyReportWindowError - A (1)
web/services/api_json_validation.py
    F 30:0 parse_request_json_dict - A (5)
    F 55:0 parse_request_json_object_allow_empty - A (5)
    F 79:0 parse_request_json_array_allow_empty - A (5)
    F 25:0 validation_error - A (1)
web/services/settings_access_service.py
    F 11:0 settings_gate_requires_password - B (7)
    F 39:0 resolve_password_unlock_role - B (7)
    F 30:0 empty_passwords_block_verify_in_production - A (5)
    F 20:0 contributor_tier_configured - A (2)
    F 25:0 is_production_env - A (2)
web/services/storage_tree_utils.py
    F 11:0 get_tree_storage_info - A (4)
web/services/processor_custom_weights_service.py
    F 194:0 save_upload - C (20)
    F 273:0 reset_roles - C (13)
    F 177:0 _validate_class_names_text - B (8)
    F 160:0 _validate_pt_bytes - B (6)
    F 74:0 _stat_slot - A (4)
    F 89:0 _sha256_16 - A (4)
    F 99:0 _is_under_custom_dir - A (4)
    F 127:0 _allowlist_slot - A (3)
    F 49:0 _resolve_model_path - A (2)
    F 110:0 _slot_info - A (2)
    F 34:0 _processor_root - A (1)
    F 39:0 _custom_dir - A (1)
    F 45:0 _canonical_file - A (1)
    F 55:0 effective_binary_path - A (1)
    F 60:0 effective_classifier_path - A (1)
    F 68:0 effective_allowlist_path - A (1)
    F 146:0 get_status - A (1)
web/services/homeassistant_config.py
    F 10:0 get_homeassistant_url - A (4)
    F 25:0 get_homeassistant_token - A (4)
web/services/migration_calendar_request_service.py
    F 19:0 validate_migration_calendar_params - B (9)
    F 36:0 migration_calendar_cache_key - A (1)
web/services/status_service.py
    F 18:0 check_video_reachable - C (14)
    F 44:0 parse_yolo_status_from_heartbeat - A (5)
web/services/bird_food_service.py
    F 25:0 create_bird_food_from_payload - B (8)
    F 11:0 list_bird_food_for_api - A (2)
    F 54:0 toggle_bird_food_active - A (2)
web/services/system_maintenance_service.py
    F 54:0 run_recordings_scan - D (28)
    F 218:0 post_merge_duplicate_species - C (15)
    F 201:0 post_split_large_gap_visits - A (4)
    F 261:0 post_species_catalog_reconcile - A (4)
    F 43:0 coerce_duplicate_group_limit - A (3)
    F 169:0 post_clean_orphaned_visits - A (3)
    F 185:0 post_realign_visit_times - A (3)
web/services/system_metrics_constants.py
    F 8:0 env_bounded_int - A (3)
web/services/species_dataset_alignment_service.py
    F 166:0 build_classifier_dataset_alignment_report - E (40)
    F 298:0 build_catalog_coverage_metrics - C (17)
    F 139:0 _dataset_split_class_names - B (7)
    F 95:0 _species_name_match_keys - B (6)
    F 113:0 _normalized_classifier_labels - A (5)
    F 63:0 _load_yolo_classify_names - A (4)
    F 80:0 load_classifier_labels_or_error - A (4)
    F 49:0 resolve_classifier_weights_path - A (3)
    F 134:0 _species_ids_with_video_detections - A (3)
    F 27:0 _norm_key - A (2)
    F 161:0 _folder_norm_keys - A (2)
    F 38:0 normalize_classifier_label - A (1)
    F 43:0 _processor_root - A (1)
web/services/system_metrics_sampler_service.py
    F 64:0 maybe_run_catalog_cards_repair - B (6)
    F 143:0 _system_metrics_sampler_worker - A (4)
    F 161:0 start_system_metrics_sampler - A (3)
    F 42:0 record_system_resource_sample - A (2)
    F 126:0 catalog_cards_schedule_state - A (2)
web/services/fusion_product_service.py
    F 126:0 _collect_feedback_stats - C (15)
    F 298:0 rollback_recognition_model - C (13)
    F 190:0 build_recognition_improvement_summary - C (12)
    F 101:0 _previous_registry_model - C (11)
    F 244:0 run_recognition_training_job - C (11)
    F 81:0 _active_runtime_mode - B (6)
    F 91:0 _active_registry_model - B (6)
    F 55:0 _load_registry - A (5)
    F 116:0 _model_label - A (5)
    F 178:0 _persist_detection_config - A (2)
    F 325:0 start_recognition_training_background - A (2)
    F 31:0 _utc_now_iso - A (1)
    F 35:0 _ml_dir - A (1)
    F 41:0 _models_dir - A (1)
    F 47:0 _registry_path - A (1)
    F 51:0 _default_registry - A (1)
    F 72:0 _save_registry - A (1)
    F 225:0 _training_script_path - A (1)
    F 229:0 _run_training_subprocess - A (1)
    F 357:0 recognition_training_status_snapshot - A (1)
web/services/telegram_proxy_service.py
    F 46:0 refresh_telegram_proxy - C (15)
    F 19:0 _fetch_proxy_lines - A (4)
    F 25:0 _probe_proxy - A (2)
web/services/legacy_import_cleanup_service.py
    F 12:0 is_legacy_import_placeholder - C (13)
    F 29:0 cleanup_legacy_import_placeholders - B (10)
web/services/activity_notify_insights_service.py
    F 41:0 notify_preview_by_source_24h - A (5)
    F 59:0 notify_preview_generated_by_source_24h - A (5)
    F 77:0 notify_fallback_by_reason_24h - A (5)
    F 103:0 notify_delivery_24h - A (5)
    F 11:0 activity_log_payload - A (4)
    F 130:0 ingest_gate_reason_counts_24h - A (4)
    F 140:0 notify_suppressed_reason_counts_24h - A (4)
    F 122:0 activity_rows_since - A (2)
    F 18:0 notify_preview_rows_24h - A (1)
    F 28:0 notify_preview_generated_rows_24h - A (1)
web/services/processor_logs_service.py
    F 14:0 clamp_processor_log_line_count - A (2)
    F 21:0 read_processor_log_tail - A (2)
web/services/system_config_audit_service.py
    F 199:0 _scales_mqtt_audit - D (22)
    F 85:0 _recall_audit - C (16)
    F 298:0 _processor_runtime_hints - C (15)
    F 330:0 build_system_config_audit_payload - C (12)
    F 275:0 flatten_config_keys - B (7)
    F 71:0 _bool_config - A (5)
    F 186:0 _resolve_scales_transport_source - A (3)
    F 289:0 load_yaml_mapping - A (3)
    F 57:0 _safe_int - A (2)
    F 64:0 _safe_float - A (2)
    F 194:0 _get_from_flat_getter - A (1)
web/services/retention_service.py
    F 200:0 run_retention - F (57)
    F 71:0 _files_only_cleanup - D (25)
    F 143:0 _cleanup_dataset_ttl - B (9)
    F 30:0 _delete_video_row_cascade - B (8)
    F 51:0 _get_recordings_size_gb - A (5)
    F 165:0 _cleanup_migration_ttl - A (5)
    F 66:0 _recordings_dir - A (1)
    F 189:0 _fetch_metrics - A (1)
web/services/ebird_util.py
    F 10:0 common_name_from_species - A (4)
web/services/detection_crop_service.py
    F 80:0 extract_detection_frame_cropped - B (10)
    F 23:0 extract_detection_frame - B (8)
    F 113:0 extract_detection_frame_cropped_or_full - A (2)
    F 125:0 crop_filename - A (2)
    F 18:0 _safe_filename - A (1)
    F 71:0 _bbox_for_offset - A (1)
web/services/dataset_export_request_service.py
    F 8:0 parse_dataset_export_query_args - A (5)
    F 48:0 dataset_export_zip_filename - A (1)
web/services/xeno_canto_service.py
    F 35:0 fetch_recordings - C (11)
    F 19:0 _search_term_from_species_name - A (4)
web/services/ebird_mapping_suggestions.py
    F 34:0 build_ebird_mapping_suggestions - C (14)
    F 20:0 _species_names_and_lower_map - A (5)
    F 27:0 _species_row_for_exact - A (3)
web/services/fusion_trace_service.py
    F 62:0 find_decision_trace_for_video - C (11)
    F 186:0 build_fusion_trace_api_payload - B (8)
    F 23:0 paths_match_recording - B (6)
    F 52:0 _parse_log_data - A (4)
    F 95:0 _fmt_num - A (4)
    F 16:0 _normalize_path - A (3)
    F 35:0 _persisted_track_rows - A (3)
    F 45:0 _rejected_track_rows - A (2)
    F 105:0 build_track_step_rows - A (1)
web/services/species_summary_service.py
    F 23:0 build_species_summary - C (16)
    F 11:0 metadata_trust_for_species - A (5)
web/services/species_registry_admin_service.py
    F 308:0 export_tuning_targets - B (7)
    F 57:0 run_species_registry_backfill - A (5)
    F 85:0 parse_unresolved_limit - A (3)
    F 94:0 start_metadata_enrichment - A (3)
    F 164:0 materialize_allowlist_species - A (3)
    F 186:0 start_repair_catalog_cards - A (3)
    F 46:0 seed_species_registry - A (2)
    F 76:0 get_unresolved_species_report - A (2)
    F 156:0 get_species_registry_health_body - A (2)
    F 257:0 species_data_quality_report - A (2)
    F 272:0 classifier_dataset_alignment_report - A (2)
    F 295:0 catalog_coverage_metrics_body - A (2)
    F 328:0 normalize_export_format - A (2)
    F 40:0 _bust_registry_caches - A (1)
    F 151:0 species_metadata_enrichment_status_body - A (1)
    F 249:0 repair_catalog_cards_status_snapshot - A (1)
web/services/system_track_regen/worker_core.py
    F 68:0 run_regenerate_tracks_worker - F (138)
    F 42:0 manual_conflict_with_detection - C (14)
    F 32:0 _processor_src_dir - A (3)
web/services/dataset_export/export_core.py
    F 353:0 build_dataset_zip - F (149)
    F 1175:0 retro_export_all_video_detections - D (24)
    F 1058:0 clean_dataset - D (21)
    F 171:0 _split_grouped_train_val_test - C (13)
    F 32:0 _get_image_dimensions - C (11)
    F 231:0 _quality_report_from_entries - B (10)
    F 1009:0 extract_and_save_crop_for_detection - B (10)
    F 1140:0 _delete_dataset_crops_for_video_ids - B (10)
    F 89:0 _split_train_val_test - B (9)
    F 281:0 _slice_report_from_entries - B (8)
    F 313:0 _video_ids_in_period - B (8)
    F 125:0 _video_metadata_for_ids - B (6)
    F 970:0 move_crop_on_species_correction - B (6)
    F 66:0 _is_likely_fullframe - A (5)
    F 112:0 _season_key - A (5)
    F 162:0 _group_key_for_filename - A (4)
    F 336:0 _manually_corrected_video_tracks - A (4)
    F 77:0 _parse_video_track_from_filename - A (3)
    F 306:0 _sanitize_dirname - A (2)
web/services/processor_ingest/video_ingest.py
    F 28:0 prepare_processor_video - D (23)
    C 15:0 PreparedProcessorVideo - A (1)
web/services/processor_ingest/activity_log_ingest.py
    F 11:0 upsert_activity_log_from_processor - B (8)
web/services/processor_ingest/notify_ingest.py
    F 17:0 process_processor_notify_detections - D (25)
web/services/processor_ingest/gateway.py
    F 73:0 is_safe_webhook_url - C (13)
    F 102:0 fire_webhook - B (9)
    F 26:0 processor_detection_payload - A (4)
    F 123:0 check_processor_secret_token - A (4)
    F 17:0 log_ingest_activity - A (2)
    F 55:0 is_public_ip - A (2)
web/services/species_catalog/api.py
    F 20:0 fetch_species_catalog_list - A (5)
    F 90:0 fetch_bird_families_list - A (3)
    F 53:0 fetch_observed_species_list - A (2)
    F 72:0 fetch_track_regen_species_options - A (2)
    F 99:0 fetch_bird_families_list_safe - A (2)
web/services/species_catalog/allowlist.py
    F 169:0 allowlist_scientific_name_for_display_name - B (9)
    F 110:0 species_name_match_norm_keys - B (7)
    F 25:0 _split_scientific_common_display - A (5)
    F 64:0 resolve_allowlist_path - A (4)
    F 75:0 _load_allowlist_norm_keys_cached - A (4)
    F 40:0 _web_app_dir - A (3)
    F 96:0 load_catalog_allowlist_norm_keys - A (3)
    F 150:0 _load_allowlist_names_cached - A (3)
    F 161:0 load_catalog_allowlist_names - A (3)
    F 55:0 _norm_key - A (2)
    F 127:0 species_matches_allowlist - A (2)
    F 138:0 ingest_name_matches_allowlist - A (2)
    F 50:0 _processor_root - A (1)
    F 104:0 clear_allowlist_cache - A (1)
web/services/species_catalog/reconcile.py
    F 54:0 reconcile_species_catalog - E (38)
    F 25:0 _species_has_activity - A (3)
    F 21:0 _unknown_species - A (1)
    F 33:0 _has_child_species - A (1)
    F 37:0 _pick_merge_target - A (1)
web/services/species_catalog/registry.py
    F 766:0 repair_catalog_cards - F (60)
    F 597:0 ensure_allowlist_species_materialized - F (42)
    F 413:0 enrich_species_metadata_with_status - D (30)
    F 944:0 catalog_cards_coverage_snapshot - D (22)
    F 122:0 ensure_species_registry_seeded - C (20)
    F 714:0 realign_species_images_from_allowlist_science - C (14)
    F 249:0 backfill_species_taxa - C (13)
    F 514:0 species_registry_health - C (12)
    F 226:0 _log_unresolved_name - B (8)
    F 322:0 enrich_species_metadata - B (8)
    F 73:0 _parse_scientific_and_common - B (7)
    F 93:0 _resolve_without_logging - B (7)
    F 368:0 repair_recently_reset_species_metadata - B (7)
    F 58:0 _next_unique_taxon_key - A (5)
    F 298:0 unresolved_species_report - A (5)
    F 587:0 _rotate_need_slice - A (3)
    F 40:0 _norm_key - A (2)
    F 54:0 _has_metadata_text - A (2)
    F 218:0 resolve_species_name - A (2)
    F 702:0 _invalidate_species_catalog_http_caches - A (2)
    F 49:0 _slug - A (1)
    C 83:0 SpeciesResolution - A (1)
web/notifications/__init__.py
    F 396:0 notify - F (72)
    F 152:0 _compress_image_for_telegram - D (27)
    F 324:0 notify_app_startup - C (14)
    F 304:0 notify_telegram_test - B (10)
    F 114:0 _telegram_request - B (9)
    F 249:0 _telegram_send_message - B (7)
    F 36:0 _get_button_custom_emoji_id - B (6)
    F 84:0 _refresh_telegram_proxy_after_failure - A (5)
    F 139:0 _payload_for_telegram_multipart - A (5)
    F 23:0 _telegram_button_open_live - A (4)
    F 62:0 _telegram_http_proxies - A (4)
    F 224:0 _telegram_message_thread_id_int - A (4)
    F 49:0 _get_telegram_api_base - A (3)
    F 72:0 _telegram_timeouts - A (2)
    F 234:0 _telegram_fallback_note - A (2)
    F 55:0 _telegram_proxy_mode - A (1)
web/routes/processor_routes.py
    F 36:0 _check_processor_secret - A (3)
    F 46:0 register_routes - A (1)
web/routes/ui_system_storage_routes.py
    F 24:0 register_ui_system_storage_routes - A (1)
web/routes/ui_timeline_helpers.py
    F 52:0 build_merged_timeline_items - C (12)
    F 12:0 _visit_has_favorite_active_video - B (6)
    F 37:0 _timeline_entry_sort_key - A (5)
    F 21:0 _timeline_visits_deduped_ordered - A (4)
web/routes/ui_corrections_dataset_routes.py
    F 21:0 register_ui_corrections_dataset_routes - A (1)
web/routes/ui_routes.py
    F 17:0 register_routes - A (1)
web/routes/ui_system_db_routes.py
    F 38:0 _validate_retention_update - C (13)
    F 20:0 _nullable_number - B (6)
    F 30:0 _non_negative_int - A (4)
    F 87:0 register_ui_system_db_routes - A (1)
web/routes/__init__.py
    F 10:0 register_all_routes - A (1)
web/routes/ui_birdfood_routes.py
    F 14:0 register_ui_birdfood_routes - A (1)
web/routes/ui_species_catalog_routes.py
    F 22:0 register_ui_species_catalog_routes - A (1)
web/routes/ui_system_routes.py
    F 31:0 register_routes - A (1)
web/routes/ui_system_maintenance_routes.py
    F 19:0 register_ui_system_maintenance_routes - A (1)
web/routes/ui_system_file_test_routes.py
    F 19:0 _file_mode_ok - A (2)
    F 23:0 register_ui_system_file_test_routes - A (1)
web/routes/ui_species_media_routes.py
    F 23:0 register_ui_species_media_routes - A (1)
web/routes/ui_system_processor_weights_routes.py
    F 18:0 register_ui_system_processor_weights_routes - A (1)
web/routes/http_guards.py
    F 12:0 require_ui_settings_password - A (1)
    F 24:0 require_ui_settings_unauthorized - A (1)
    F 36:0 require_admin_track_regen - A (1)
    F 48:0 require_ui_contributor_or_admin - A (1)
web/routes/ui_video_routes.py
    F 39:0 register_ui_video_routes - A (1)
web/routes/ui_system_metrics_routes.py
    F 35:0 register_ui_system_metrics_routes - A (1)
web/routes/ui_overview_timeline_routes.py
    F 41:0 _favorite_only_from_request - A (3)
    F 46:0 register_ui_overview_timeline_routes - A (1)
web/routes/ui_settings_routes.py
    F 46:0 register_ui_settings_routes - A (1)
web/routes/ui_status_push_routes.py
    F 33:0 register_ui_status_push_routes - A (1)
web/routes/ui_system_review_queue_routes.py
    F 16:0 register_ui_system_review_queue_routes - A (1)
web/routes/ui_system_fusion_routes.py
    F 21:0 register_ui_system_fusion_routes - A (1)
web/routes/ui_system_diagnostics_routes.py
    F 26:0 register_ui_system_diagnostics_routes - A (1)
web/routes/ui_system_recognition_routes.py
    F 21:0 register_ui_system_recognition_routes - A (1)
web/routes/ui_system_species_registry_routes.py
    F 28:0 register_ui_system_species_registry_routes - A (1)
web/tests/test_api_http_errors.py
    F 6:0 test_api_unknown_path_returns_json_404 - A (4)
    F 21:0 test_api_method_not_allowed_returns_json - A (4)
    F 29:0 test_api_request_id_header_is_generated - A (4)
    F 14:0 test_non_api_404_not_forced_to_json - A (3)
    F 36:0 test_api_request_id_header_preserves_client_value - A (3)
web/tests/test_dataset_export_service.py
    M 240:4 TestDatasetExportOrphans.test_ready_for_train_keeps_same_day_group_together - C (11)
    M 116:4 TestDatasetExportOrphans.test_build_dataset_zip_ready_for_train_split - B (9)
    M 144:4 TestDatasetExportOrphans.test_ready_for_train_test_split_and_manifest - B (9)
    C 13:0 TestDatasetExportOrphans - B (7)
    M 205:4 TestDatasetExportOrphans.test_strict_quality_rejects_skipped_small_classes - B (7)
    M 170:4 TestDatasetExportOrphans.test_strict_quality_rejects_duplicate_tracks - B (6)
    M 34:4 TestDatasetExportOrphans.test_retro_export_deletes_orphan_with_date_filter - A (5)
    M 14:4 TestDatasetExportOrphans.test_retro_export_skips_and_deletes_orphaned_detections - A (4)
    M 77:4 TestDatasetExportOrphans.test_clean_dataset_remove_orphaned_keeps_only_valid_tracks - A (2)
web/tests/test_resolve_recording_video_file.py
    F 15:0 test_resolve_standard_data_recordings_path - A (2)
    F 26:0 test_resolve_legacy_path_relative_to_recordings - A (2)
    F 37:0 test_resolve_rejects_traversal - A (2)
    F 43:0 test_resolve_missing_file_returns_none - A (2)
    F 9:0 data_root - A (1)
web/tests/test_util_metadata.py
    C 65:0 TestExtractCommonForHierarchy - A (5)
    C 80:0 TestINaturalistMetadata - A (5)
    M 83:4 TestINaturalistMetadata.test_filters_non_bird_taxa - A (5)
    C 11:0 TestInferMetadataSourceFields - A (4)
    M 68:4 TestExtractCommonForHierarchy.test_parentheses - A (4)
    M 119:4 TestINaturalistMetadata.test_rejects_order_level_piciformes_hit - A (4)
    M 150:4 TestINaturalistMetadata.test_binomial_picks_matching_species_row - A (4)
    M 186:4 TestINaturalistMetadata.test_ambiguous_common_name_picks_highest_observations - A (4)
    C 228:0 TestEnWikipediaBirdTitleVariant - A (4)
    M 14:4 TestInferMetadataSourceFields.test_wikipedia_by_hostname - A (3)
    M 24:4 TestInferMetadataSourceFields.test_inaturalist_host - A (3)
    M 34:4 TestInferMetadataSourceFields.test_inaturalist_open_data_bucket - A (3)
    M 44:4 TestInferMetadataSourceFields.test_unknown_host_no_substring_bypass - A (3)
    M 54:4 TestInferMetadataSourceFields.test_no_inaturalist_via_query_string_on_untrusted_host - A (3)
    M 229:4 TestEnWikipediaBirdTitleVariant.test_eurasian_magpie_matches_wikipedia_url_style - A (3)
    C 236:0 TestAllowlistScientificForDisplayName - A (3)
    M 239:4 TestAllowlistScientificForDisplayName.test_magpie_common_name_maps_to_pica_pica - A (2)
web/tests/test_system_file_test_api.py
    F 54:0 test_file_test_list_and_status - B (8)
    F 71:0 test_file_test_upload_delete_admin - B (6)
    F 84:0 test_file_test_run_stop_writes_desired - B (6)
    F 41:0 test_file_test_status_200_when_not_file_source - A (4)
    F 34:0 test_file_test_files_409_when_not_file_source - A (2)
    F 12:0 _patch_general_key - A (1)
    F 17:0 _open_access - A (1)
    F 25:0 file_mode_tmp - A (1)
web/tests/test_detection_quality_baseline_service.py
    F 5:0 test_build_detection_quality_baseline_summarizes_traces_and_slices - C (18)
web/tests/test_app_config_validation.py
    F 6:0 test_validate_merged_config_empty_ok - A (2)
    F 11:0 test_validate_merged_config_nested_sections_ok - A (2)
    F 21:0 test_validate_merged_config_rejects_scalar_section - A (2)
web/tests/test_app_startup_async.py
    F 6:0 test_create_app_schedules_startup_notify_in_background - B (7)
web/tests/test_system_stabilization.py
    M 654:4 TestReviewQueueBulkDelete.test_review_queue_bulk_delete_preview_and_apply - D (23)
    M 308:4 TestSystemMaintenanceEndpoints.test_split_large_gap_visits_preview_and_apply - C (20)
    M 853:4 TestReviewQueueBulkDelete.test_broken_video_diagnostics_list_delete_preview_and_apply - C (18)
    M 172:4 TestSystemMaintenanceEndpoints.test_clean_orphaned_visits_preview_and_apply - C (17)
    C 28:0 TestSystemMaintenanceEndpoints - C (13)
    M 29:4 TestSystemMaintenanceEndpoints.test_domain_health_snapshot_reports_integrity_counters - C (12)
    C 603:0 TestReviewQueueBulkDelete - C (12)
    M 249:4 TestSystemMaintenanceEndpoints.test_realign_visit_times_preview_and_apply - C (11)
    M 1054:4 TestReviewQueueBulkDelete.test_no_species_videos_purge_dry_and_batch - B (10)
    M 1140:4 TestReviewQueueBulkDelete.test_review_only_noise_candidates_list - B (10)
    M 977:4 TestReviewQueueBulkDelete.test_broken_video_zero_byte_and_purge_batch - B (9)
    M 604:4 TestReviewQueueBulkDelete.test_unknowns_expose_explicit_review_state - B (8)
    M 397:4 TestOverviewDayOverlap.test_overview_counts_visit_that_crosses_midnight - B (7)
    C 396:0 TestOverviewDayOverlap - B (6)
    M 433:4 TestOverviewDayOverlap.test_overview_date_uses_observer_local_day_and_local_hour - A (5)
    M 826:4 TestReviewQueueBulkDelete.test_review_queue_bulk_delete_preview_allows_contributor_session - A (5)
    M 463:4 TestOverviewDayOverlap.test_overview_date_counts_overlapping_video_duration_and_local_temperature - A (4)
    M 515:4 TestOverviewDayOverlap.test_overview_detection_by_provider_counts_distinct_visits - A (4)
    C 589:0 TestObserverLocalRanges - A (4)
    M 803:4 TestReviewQueueBulkDelete.test_review_queue_bulk_delete_denies_guest_when_passwords_configured - A (4)
    M 133:4 TestSystemMaintenanceEndpoints.test_review_only_detections_do_not_inflate_monthly_report_stats - A (3)
    M 590:4 TestObserverLocalRanges.test_observer_local_night_covers_early_morning_of_selected_date - A (3)
    F 13:0 _moscow_observer_tz - A (1)
web/tests/test_system_automation.py
    F 67:0 test_fusion_export_route_runs_job_and_exposes_status - A (5)
    F 91:0 test_flatten_fusion_eval_report_rows_roundtrip - A (5)
    F 142:0 test_fusion_eval_route_runs_job_and_exposes_status - A (5)
    F 181:0 test_telegram_proxy_refresh_route_runs_job_and_exposes_status - A (5)
    F 15:0 test_shipped_fusion_scripts_match_container_contract - A (3)
    F 24:0 test_fusion_processor_src_resolvable - A (3)
    F 122:0 test_fusion_eval_download_sends_csv - A (3)
    C 6:0 _ImmediateThread - A (3)
    F 33:0 test_repo_root_finds_script_in_container_layout - A (2)
    F 49:0 test_repo_root_falls_back_to_cwd - A (2)
    M 10:4 _ImmediateThread.start - A (2)
    M 7:4 _ImmediateThread.__init__ - A (1)
web/tests/test_track_regen_service.py
    F 6:0 test_summarize_empty - A (4)
    F 14:0 test_summarize_with_frames - A (4)
web/tests/test_ml_quality_cycle_service.py
    F 4:0 test_build_review_retrain_cycle_report_reads_quality_gates - B (6)
    F 50:0 test_build_review_retrain_cycle_report_requires_strict_quality_flag - A (3)
web/tests/test_species_registry.py
    M 67:4 TestSpeciesRegistryApi.test_species_registry_health_endpoint - B (10)
    F 251:0 test_catalog_cards_coverage_counts_per_allowlist_line - B (8)
    C 42:0 TestSpeciesRegistryApi - B (7)
    M 57:4 TestSpeciesRegistryApi.test_species_registry_backfill_endpoint_dry_run - B (7)
    M 80:4 TestSpeciesRegistryApi.test_species_registry_health_reports_resolution_drift - B (6)
    M 117:4 TestSpeciesRegistryApi.test_species_registry_backfill_reaches_full_coverage - B (6)
    C 140:0 TestSpeciesResolverIntegration - B (6)
    M 167:4 TestSpeciesResolverIntegration.test_unresolved_name_is_logged_and_reported - B (6)
    C 178:0 TestSpeciesMetadataRepair - B (6)
    M 49:4 TestSpeciesRegistryApi.test_species_registry_seed_endpoint - A (5)
    M 149:4 TestSpeciesResolverIntegration.test_resolve_species_name_matches_normalized_common_name_without_alias - A (5)
    M 179:4 TestSpeciesMetadataRepair.test_enrich_species_metadata_treats_blank_description_as_missing - A (5)
    M 216:4 TestSpeciesMetadataRepair.test_repair_recently_reset_species_metadata_restores_images - A (5)
    F 36:0 test_rotate_need_slice_for_catalog_repair_window - A (4)
    F 286:0 test_update_species_info_from_wiki_whitespace_image_counts_as_empty - A (4)
    F 347:0 test_typo_catalog_wikipedia_title_maps_misspellings - A (4)
    F 364:0 test_update_species_info_from_wiki_skips_bad_wikipedia_then_accepts_good - A (4)
    F 402:0 test_update_species_info_from_wiki_clears_suspicious_existing_description - A (4)
    M 128:4 TestSpeciesRegistryApi.test_species_registry_async_enrichment_status - A (4)
    M 141:4 TestSpeciesResolverIntegration.test_visit_processor_creates_canonical_hooded_crow - A (4)
    F 340:0 test_disambiguated_wikipedia_title_redhead_variants - A (3)
    M 43:4 TestSpeciesRegistryApi.test_species_registry_sync_endpoints_removed - A (3)
    F 322:0 test_wikipedia_extract_rejects_human_hair_article - A (2)
    F 329:0 test_wikipedia_extract_accepts_duck_article - A (2)
    F 355:0 test_wikipedia_query_titles_includes_typo_catalog_title - A (2)
    F 16:0 _disable_settings_passwords_for_registry_tests - A (1)
web/tests/test_telegram_proxy.py
    F 6:0 test_telegram_http_proxies_empty - A (2)
    F 18:0 test_telegram_http_proxies_set - A (2)
    F 33:0 test_telegram_http_proxies_mtproto_ignores_url - A (2)
web/tests/test_species_data_quality.py
    F 8:0 test_build_report_has_structure - A (5)
    F 67:0 test_build_report_ignores_duplicate_names_without_activity - A (4)
    F 22:0 test_species_ids_to_exclude_from_bird_catalog_filters_off_allowlist_active_species - A (3)
web/tests/test_species_dataset_alignment.py
    F 181:0 test_alignment_species_with_video_not_in_model - A (5)
    F 283:0 test_alignment_hint_when_allowlist_and_classifier_counts_differ - A (5)
    F 307:0 test_alignment_ignores_birds_parent_not_in_classifier - A (5)
    F 358:0 test_alignment_generic_bird_flagged_when_not_in_classifier - A (5)
    F 456:0 test_alignment_ignores_service_species_not_in_classifier - A (5)
    F 506:0 test_alignment_ignores_service_dataset_folders - A (5)
    F 43:0 test_alignment_model_class_matches_catalog_scientific_common - A (4)
    F 60:0 test_alignment_common_name_catalog_row_matches_scientific_common_label - A (4)
    F 77:0 test_alignment_extra_model_class_not_in_catalog - A (4)
    F 99:0 test_alignment_ignores_model_classes_outside_allowlist - A (4)
    C 558:0 TestClassifierDatasetAlignmentApi - A (4)
    F 22:0 test_normalize_classifier_label_matches_processor_style - A (3)
    F 29:0 test_alignment_when_weights_unreadable - A (3)
    F 121:0 test_alignment_species_outside_allowlist_but_present_in_model_is_not_flagged - A (3)
    F 229:0 test_alignment_does_not_treat_allowlist_only_species_as_classifier_match - A (3)
    F 409:0 test_alignment_apostrophe_variants_match_classifier - A (3)
    F 532:0 test_dataset_split_class_names_uses_real_folders_only - A (3)
    M 559:4 TestClassifierDatasetAlignmentApi.test_endpoint_ok_without_weights - A (3)
    F 550:0 test_species_name_match_keys_include_dataset_sanitized_variant - A (2)
    F 10:0 _disable_settings_passwords - A (1)
web/tests/test_openapi_contract.py
    F 42:0 _assert_matches_schema - C (20)
    F 20:0 _resolve_ref - A (3)
    C 85:0 TestOpenApiContractSmoke - A (3)
    M 122:4 TestOpenApiContractSmoke.test_bird_families_matches_openapi_schema - A (3)
    M 88:4 TestOpenApiContractSmoke.test_health_matches_openapi_schema - A (2)
    M 95:4 TestOpenApiContractSmoke.test_readiness_matches_openapi_schema - A (2)
    M 102:4 TestOpenApiContractSmoke.test_readiness_503_matches_openapi_schema - A (2)
    M 115:4 TestOpenApiContractSmoke.test_species_matches_openapi_schema - A (2)
    M 132:4 TestOpenApiContractSmoke.test_overview_matches_openapi_schema - A (2)
    M 140:4 TestOpenApiContractSmoke.test_unknowns_matches_openapi_schema - A (2)
    M 155:4 TestOpenApiContractSmoke.test_video_neighbors_matches_openapi_schema - A (2)
    M 175:4 TestOpenApiContractSmoke.test_video_fusion_trace_matches_openapi_schema - A (2)
    M 197:4 TestOpenApiContractSmoke.test_system_config_audit_matches_openapi_schema - A (2)
    F 15:0 _load_spec - A (1)
    F 31:0 _schema_for - A (1)
web/tests/test_fusion_trace_api.py
    F 82:0 test_fusion_trace_matches_by_video_id - C (13)
    F 60:0 test_fusion_trace_no_log_returns_available_false - A (5)
    F 162:0 test_fusion_trace_ignores_non_list_rejected_tracks - A (5)
    F 134:0 test_fusion_trace_path_fallback_without_video_id_in_payload - A (4)
    F 9:0 test_fusion_trace_403_when_passwords_and_anonymous - A (3)
    F 25:0 test_fusion_trace_200_contributor_session - A (3)
    F 54:0 test_fusion_trace_404_unknown_video - A (3)
web/tests/test_processor_runtime_diagnostics_service.py
    F 4:0 test_build_processor_runtime_snapshot_response_reads_snapshot - A (5)
web/tests/test_service_layer_slice_293.py
    F 326:0 test_build_system_config_audit_payload - C (13)
    F 738:0 test_parse_visitors_days_and_metrics_history_clamps - B (9)
    F 219:0 test_trigger_format_helpers_match_processor_and_status - B (8)
    F 8:0 test_validate_migration_calendar_params_ok_and_errors - B (6)
    F 92:0 test_build_timeline_export_response_json_and_empty_csv - B (6)
    F 254:0 test_coerce_duplicate_group_limit - A (5)
    F 68:0 test_resolve_monthly_report_window_month - A (4)
    F 130:0 test_parse_dataset_export_query_args_defaults - A (4)
    F 157:0 test_clamp_processor_log_line_count - A (4)
    F 231:0 test_parse_unresolved_limit_species_registry - A (4)
    F 239:0 test_nearest_recording_day_next_prev - A (4)
    F 301:0 test_birdnet_fifo_snapshot_missing_file - A (4)
    F 498:0 test_scales_mqtt_audit_warns_broker_and_prefix - A (4)
    F 638:0 test_build_timeline_export_response_ebird - A (4)
    F 687:0 test_prepare_sqlite_db_backup_rejects_non_sqlite_engine - A (4)
    F 30:0 test_validate_timeline_export_format - A (3)
    F 144:0 test_parse_system_activity_month - A (3)
    F 193:0 test_parse_push_subscription_body_ok_and_errors - A (3)
    F 264:0 test_normalize_export_format - A (3)
    F 271:0 test_parse_broken_videos_list_params_clamped - A (3)
    F 314:0 test_flatten_config_keys_terminal_maps - A (3)
    F 377:0 test_build_system_config_audit_payload_processor_runtime_hints - A (3)
    F 425:0 test_recall_frigate_standalone_false_emits_fusion_hint - A (3)
    F 465:0 test_recall_frigate_blocking_goes_to_config_warnings_not_recall_hints - A (3)
    F 543:0 test_scales_mqtt_audit_no_warn_explicit_empty_topics_when_prefix_set - A (3)
    F 594:0 test_scales_mqtt_audit_detects_explicit_empty_prefix - A (3)
    F 661:0 test_compute_system_activity_uptime_bad_month - A (3)
    F 701:0 test_start_bulk_spectrogram_requires_birdnet - A (3)
    F 714:0 test_review_queue_bulk_delete_confirm_mismatch - A (3)
    F 23:0 test_migration_calendar_cache_key_stable - A (2)
    F 37:0 test_resolve_timeline_utc_window_unix_range - A (2)
    F 169:0 test_parse_video_neighbors_request_args - A (2)
    F 291:0 test_parse_review_only_noise_limit - A (2)
    F 671:0 test_fusion_export_download_file_or_error_missing - A (2)
    F 679:0 test_fusion_eval_download_file_or_error_missing - A (2)
    F 52:0 test_resolve_timeline_utc_window_requires_both_timestamps - A (1)
    F 77:0 test_resolve_monthly_report_window_rejects_long_range - A (1)
web/tests/test_xeno_canto_service.py
    C 25:0 TestFetchRecordings - A (4)
    M 26:4 TestFetchRecordings.test_empty_when_term_empty - A (4)
    M 33:4 TestFetchRecordings.test_parses_ok_response - A (4)
    C 8:0 TestSearchTermFromSpeciesName - A (3)
    M 20:4 TestSearchTermFromSpeciesName.test_empty - A (3)
    M 66:4 TestFetchRecordings.test_escapes_quotes_in_query - A (3)
    M 9:4 TestSearchTermFromSpeciesName.test_common_name_in_parentheses - A (2)
    M 17:4 TestSearchTermFromSpeciesName.test_plain_name - A (2)
    M 88:4 TestFetchRecordings.test_returns_empty_on_request_error - A (2)
    M 95:4 TestFetchRecordings.test_returns_empty_on_bad_json - A (2)
web/tests/test_processor_custom_weights_api.py
    F 54:0 test_processor_weights_upload_binary_and_reset - B (8)
    F 43:0 test_processor_weights_status_ok - B (6)
    F 77:0 test_processor_weights_classifier_requires_allowlist_or_ack - A (4)
    F 99:0 test_processor_weights_class_names_upload - A (2)
    F 13:0 _patch_general_key - A (1)
    F 18:0 _open_access - A (1)
    F 25:0 _fake_pt_bytes - A (1)
    F 33:0 isolated_user_config - A (1)
web/tests/test_ui_video_routes_auth.py
    F 13:0 test_fusion_trace_allows_mcp_style_non_session_access - A (4)
web/tests/test_scales_config.py
    F 24:0 test_scales_source_uses_mqtt_only_for_mqtt_family - A (4)
    F 14:0 test_normalize_scales_source_accepts_new_values - A (3)
    F 19:0 test_normalize_scales_source_maps_legacy_values - A (3)
    F 30:0 test_esphome_default_weight_sensor_id_matches_repo_firmware - A (3)
    F 39:0 test_migrate_legacy_scales_source_fixes_bad_esphome_weight_sensor_default - A (3)
web/tests/test_legacy_config_migration.py
    F 103:0 test_confidence_floors_clamp_legacy_soft_values - C (12)
    F 20:0 test_migrate_copies_legacy_ha_into_homeassistant - B (6)
    F 31:0 test_migrate_does_not_overwrite_existing_homeassistant - B (6)
    F 64:0 test_processor_rodent_migration_from_legacy_squirrel_keys - B (6)
    F 154:0 test_grouped_trigger_helpers_fall_back_to_legacy_keys - A (5)
    F 50:0 test_migrate_partial_only_url_in_weather - A (4)
    F 57:0 test_migrate_drops_empty_legacy_keys - A (4)
    F 141:0 test_migrate_legacy_trigger_topics_copies_into_new_domains - A (4)
    F 43:0 test_migrate_noop_when_no_legacy_keys - A (3)
    F 179:0 test_migrate_processor_classifier_best_eu_relative_path - A (3)
    F 189:0 test_migrate_processor_classifier_best_eu_absolute_path - A (3)
    F 201:0 test_migrate_processor_classifier_unchanged_for_canonical - A (2)
web/tests/test_fusion_product_api.py
    F 53:0 test_recognition_improvement_train_route_exposes_done_status - A (5)
    F 24:0 test_recognition_improvement_summary_route_reports_feedback - A (4)
    C 10:0 _ImmediateThread - A (3)
    M 14:4 _ImmediateThread.start - A (2)
    F 19:0 _open_access - A (1)
    M 11:4 _ImmediateThread.__init__ - A (1)
web/tests/test_api_json_validation.py
    F 18:0 test_parse_request_json_dict_unit - B (8)
    F 40:0 test_parse_request_json_object_allow_empty_unit - A (5)
    F 56:0 test_parse_request_json_array_allow_empty_unit - A (5)
    F 163:0 test_birdfood_post_name_type_and_active_type - A (5)
    F 75:0 test_verify_password_rejects_non_object_json - A (3)
    F 81:0 test_settings_patch_rejects_non_object_json - A (3)
    F 90:0 test_push_subscribe_rejects_invalid_json - A (3)
    F 109:0 test_dataset_clean_rejects_non_object_json - A (3)
    F 116:0 test_merge_species_rejects_non_object_json - A (3)
    F 144:0 test_birdfood_post_invalid_json_400 - A (3)
    F 156:0 test_birdfood_post_array_body_400 - A (3)
    F 175:0 test_purge_storage_requires_json_object - A (3)
    F 195:0 test_purge_storage_date_must_be_string - A (3)
    F 218:0 test_processor_videos_rejects_broken_json - A (3)
    F 230:0 test_processor_videos_rejects_json_array - A (3)
    F 242:0 test_processor_species_active_rejects_non_array_json - A (3)
    F 8:0 _open_settings_access - A (1)
    F 212:0 _processor_secret_json - A (1)
web/tests/test_bird_food_service.py
    F 11:0 test_create_then_list - A (4)
    F 25:0 test_create_duplicate_400 - A (4)
    F 43:0 test_toggle_flips_active - A (4)
    F 37:0 test_toggle_missing_404 - A (2)
web/tests/test_birdnet_fifo_view_service.py
    F 10:0 test_build_birdnet_fifo_snapshot_prefers_db - D (25)
    F 51:0 test_birdnet_fifo_table_accumulates_via_orm - A (3)
web/tests/test_settings_mutations_smoke.py
    F 34:0 test_birdfood_post_and_toggle_happy_path - C (11)
    F 341:0 test_settings_patch_admin_password_stored_as_bcrypt_and_verify_ok - B (10)
    F 216:0 test_settings_patch_rejects_invalid_section_shape - B (7)
    F 187:0 test_settings_patch_general_with_admin_session - A (5)
    F 249:0 test_settings_patch_contributor_merges_safe_field - A (5)
    F 66:0 test_birdfood_post_duplicate_name_400 - A (4)
    F 124:0 test_video_stream_allows_contributor_when_stream_auth_required - A (4)
    F 170:0 test_settings_logout_clears_session - A (4)
    F 284:0 test_settings_patch_contributor_placeholder_does_not_wipe_telegram_token - A (4)
    F 315:0 test_settings_patch_json_null_contributor_password_does_not_wipe - A (4)
    F 95:0 test_push_subscribe_success_when_notifications_on - A (3)
    F 22:0 test_birdfood_post_forbidden_when_settings_locked - A (2)
    F 6:0 _patch_general_key - A (1)
    F 14:0 _open_settings_access - A (1)
web/tests/test_ebird_mapping_suggestions.py
    M 27:4 TestEbirdMappingSuggestionsEndpoint.test_case_variant_in_suggestions - C (11)
    C 6:0 TestEbirdMappingSuggestionsEndpoint - B (7)
    M 7:4 TestEbirdMappingSuggestionsEndpoint.test_no_api_key - B (6)
    M 68:4 TestEbirdMappingSuggestionsEndpoint.test_resolved_by_exact_name_not_listed - B (6)
    M 100:4 TestEbirdMappingSuggestionsEndpoint.test_403_when_settings_locked - A (3)
web/tests/test_secret_env.py
    F 6:0 test_apply_secret_env_overrides_sets_nested_keys - A (3)
    F 18:0 test_apply_secret_env_skips_empty_and_unset - A (3)
web/tests/test_visit_processor_ingest_filters.py
    F 34:0 test_strict_allowlist_routes_unknown_placeholder_to_bird_review - A (5)
    F 63:0 test_strict_allowlist_fails_closed_when_allowlist_missing - A (5)
    F 92:0 test_strict_allowlist_still_blocks_real_off_allowlist_species - A (5)
    F 21:0 test_no_strict_allows_any_name - A (4)
    F 216:0 test_visit_eligible_false_creates_detection_without_visit - A (4)
    F 121:0 test_out_of_order_video_ingest_does_not_attach_to_future_visit - A (3)
    F 165:0 test_out_of_order_video_ingest_within_timeout_rewinds_visit_start - A (3)
    F 13:0 _restore_config - A (1)
web/tests/test_security_hardening.py
    C 334:0 TestSingleVideoTrackRegenAuth - B (7)
    C 263:0 TestVisitorTrackRateLimit - B (6)
    M 337:4 TestSingleVideoTrackRegenAuth.test_contributor_cannot_start_single_video_track_regen - B (6)
    M 266:4 TestVisitorTrackRateLimit.test_visitors_track_returns_429_when_over_limit - A (5)
    M 310:4 TestMetricsBearerToken.test_metrics_require_bearer_when_token_set - A (5)
    M 318:4 TestMetricsBearerToken.test_metrics_ok_with_valid_bearer - A (5)
    C 42:0 TestPushSubscribeAuth - A (4)
    C 70:0 TestProductionSettingsAccess - A (4)
    M 90:4 TestProductionSettingsAccess.test_settings_verify_password_rejects_empty_password_bootstrap_in_production - A (4)
    M 108:4 TestProductionSettingsAccess.test_settings_requires_password_reports_true_in_production_without_passwords - A (4)
    C 206:0 TestSpeciesImageProxyAllowlist - A (4)
    M 209:4 TestSpeciesImageProxyAllowlist.test_rejects_inaturalist_open_data_substring_on_evil_host - A (4)
    C 236:0 TestSafeImagePathDataDirBoundary - A (4)
    C 303:0 TestMetricsBearerToken - A (4)
    C 15:0 TestTrustedProxyIpParsing - A (3)
    M 45:4 TestPushSubscribeAuth.test_push_subscribe_requires_settings_access_when_password_set - A (3)
    M 73:4 TestProductionSettingsAccess.test_settings_access_denied_in_production_when_passwords_missing - A (3)
    M 126:4 TestProductionSettingsAccess.test_settings_access_denied_in_prod_alias_when_passwords_missing - A (3)
    C 144:0 TestWebhookUrlValidation - A (3)
    M 155:4 TestWebhookUrlValidation.test_create_video_skips_unsafe_webhook_url - A (3)
    M 239:4 TestSafeImagePathDataDirBoundary.test_safe_image_rejects_sibling_directory_prefix - A (3)
    M 251:4 TestSafeImagePathDataDirBoundary.test_safe_image_reads_and_removes_under_data_dir - A (3)
    M 22:4 TestTrustedProxyIpParsing.test_ignores_forwarded_headers_without_trusted_proxy - A (2)
    M 31:4 TestTrustedProxyIpParsing.test_uses_forwarded_headers_with_trusted_proxy - A (2)
    M 147:4 TestWebhookUrlValidation.test_rejects_private_ip_webhook - A (2)
    M 151:4 TestWebhookUrlValidation.test_rejects_non_http_scheme_webhook - A (2)
    M 219:4 TestSpeciesImageProxyAllowlist.test_rejects_malformed_ipv6_url - A (2)
    M 226:4 TestSpeciesImageProxyAllowlist.test_rejects_wikimedia_url_with_invalid_port - A (2)
    M 306:4 TestMetricsBearerToken.test_metrics_open_when_token_unset - A (2)
    M 328:4 TestMetricsBearerToken.test_metrics_accepts_lowercase_bearer_scheme - A (2)
    M 19:4 TestTrustedProxyIpParsing._reset_env - A (1)
web/tests/test_processor_videos_smoke.py
    F 219:0 test_processor_videos_scales_delta_persisted_when_enabled - B (8)
    F 100:0 test_processor_videos_rejects_missing_video_file - A (5)
    F 71:0 test_processor_videos_all_below_threshold_400 - A (4)
    F 137:0 test_processor_videos_success_201 - A (4)
    F 177:0 test_processor_videos_hot_path_skips_species_metadata_enrichment - A (4)
    F 58:0 test_processor_videos_missing_species_400 - A (3)
    F 266:0 test_processor_videos_scales_ignored_when_disabled - A (3)
    F 305:0 test_processor_videos_invalid_iso_400 - A (3)
    F 12:0 _touch_video_file - A (2)
    F 48:0 test_processor_videos_forbidden_wrong_token - A (2)
    F 25:0 _processor_secret_env - A (1)
    F 32:0 proc_headers - A (1)
    F 36:0 _base_video_payload - A (1)
web/tests/conftest.py
    F 72:0 _reset_global_test_state - A (5)
    F 44:0 app - A (2)
    F 66:0 client - A (1)
web/tests/test_ui_password_service.py
    F 32:0 test_hash_password_fields_in_updates_replaces_plaintext - B (6)
    F 13:0 test_verify_plaintext_legacy - A (4)
    F 19:0 test_verify_bcrypt_roundtrip - A (4)
    F 26:0 test_verify_bcrypt_prefixed_string - A (2)
    F 50:0 test_hash_password_fields_leaves_bcrypt_unchanged - A (2)
web/tests/test_bird_food_seed.py
    M 43:4 TestBirdFoodSeed.test_seed_bird_food_relative_assets_exist - B (6)
    C 6:0 TestBirdFoodSeed - A (5)
    M 7:4 TestBirdFoodSeed.test_seed_bird_food_idempotent - A (5)
    M 64:4 TestBirdFoodSeed.test_remove_legacy_apple_pieces_deletes_row_and_association - A (4)
    M 23:4 TestBirdFoodSeed.test_seed_bird_food_skips_existing_name - A (3)
web/tests/test_settings_access_service.py
    F 42:0 test_resolve_unlock_admin_contributor_nomatch - A (4)
    F 54:0 test_resolve_unlock_admin_bcrypt_stored - A (3)
    F 4:0 test_gate_no_passwords_non_prod_false - A (2)
    F 16:0 test_gate_no_passwords_prod_true - A (2)
    F 31:0 test_gate_any_password_true - A (2)
    F 67:0 test_empty_passwords_block_in_prod - A (2)
    F 83:0 test_empty_passwords_allow_outside_prod - A (2)
web/tests/test_ml_lineage_service.py
    F 8:0 test_model_lineage_resolves_processor_models_binary_classifier - B (7)
web/tests/test_web_push_service.py
    C 8:0 TestSendWebPushCleanup - A (4)
    M 11:4 TestSendWebPushCleanup.test_drops_sub_on_key_deserialize_error - A (3)
    M 39:4 TestSendWebPushCleanup.test_removes_subscription_missing_keys - A (3)
web/tests/test_feeder_scale_sources.py
    F 65:0 test_get_feeder_scale_snapshot_esphome_reads_weight_and_bird_present - B (6)
    F 43:0 test_trigger_scale_tare_esphome_posts_button - A (4)
    F 30:0 test_scale_tare_available_for_esphome - A (2)
    C 10:0 _Resp - A (2)
    M 15:4 _Resp.raise_for_status - A (2)
    F 23:0 _cfg_get - A (1)
    M 11:4 _Resp.__init__ - A (1)
    M 19:4 _Resp.json - A (1)
web/tests/test_processor_restart_service.py
    F 8:0 test_write_processor_restart_flag_creates_files - A (4)
web/tests/test_sensitive_export_routes_auth.py
    F 22:0 test_timeline_export_403_anonymous_when_passwords - A (3)
    F 49:0 test_report_pdf_403_anonymous_when_passwords - A (3)
    F 58:0 test_report_pdf_200_contributor_session - A (3)
    F 69:0 test_unknowns_403_anonymous_when_passwords - A (3)
    F 82:0 test_unknowns_200_contributor_session - A (3)
    F 35:0 test_timeline_export_200_contributor_session - A (2)
    F 10:0 _pw_context - A (1)
web/tests/test_system_routes_smoke.py
    F 29:0 test_system_metrics_history_shape - A (4)
    F 47:0 test_system_logs_ok_when_settings_open - A (4)
    F 18:0 test_system_activity_returns_list - A (3)
    F 24:0 test_system_activity_invalid_month_400 - A (2)
    F 37:0 test_system_logs_forbidden_when_locked - A (2)
    F 4:0 _patch_general_key - A (1)
    F 11:0 _open_settings_access - A (1)
web/tests/test_settings_yaml_backup.py
    F 28:0 test_yaml_export_safe_masks_secret - A (5)
    F 50:0 test_yaml_export_full_requires_ack - A (4)
    F 64:0 test_yaml_import_merge_and_validate - A (3)
    F 99:0 test_contributor_yaml_export_safe_ok - A (3)
    F 88:0 test_yaml_import_rejects_bad_root - A (2)
    F 119:0 test_contributor_yaml_export_full_forbidden - A (2)
    F 133:0 test_contributor_yaml_import_forbidden - A (2)
    F 8:0 _open_admin_yaml - A (1)
    F 18:0 _two_tier_passwords - A (1)
web/tests/test_settings_patch_service.py
    F 22:0 test_normalize_drops_cameras_without_stream_name - A (4)
    F 120:0 test_filter_sensitive_json_null_removes_secret_from_patch - A (4)
    F 56:0 test_normalize_contributor_calls_strip_when_tier - A (3)
    F 106:0 test_strip_contributor_admin_only_removes_session_idle_minutes - A (3)
    F 81:0 test_normalize_contributor_skips_strip_without_tier - A (2)
    F 137:0 test_apply_merge_updates_donate_url - A (2)
    F 7:0 _noop_caches - A (1)
web/tests/test_processor_video_ingest.py
    F 35:0 test_prepare_rejects_below_min_confidence - A (4)
    F 53:0 test_prepare_success_strips_bad_spectrogram - A (4)
    F 21:0 test_prepare_rejects_invalid_datetime - A (3)
    F 11:0 _patch_stat_ok - A (1)
web/tests/test_recordings_mirror_ui_api.py
    F 7:0 test_recordings_mirror_test_requires_host_and_username - A (4)
    F 27:0 test_recordings_mirror_test_requires_password_or_key - A (4)
    F 49:0 test_contributor_patch_cannot_update_recordings_mirror - A (2)
web/tests/test_http_guards.py
    F 51:0 test_decorators_allow_when_auth_ok - A (4)
    F 6:0 test_require_ui_settings_password_denied - A (3)
    F 21:0 test_require_ui_settings_unauthorized_denied - A (3)
    F 36:0 test_require_admin_track_regen_denied - A (3)
web/tests/test_feed_scale_tare_auth.py
    F 34:0 test_feed_scale_tare_200_contributor_session - A (3)
    F 21:0 test_feed_scale_tare_403_without_session - A (2)
    F 11:0 dual_password - A (1)
web/tests/test_strict_ui_api_auth.py
    F 28:0 test_production_strict_allows_bootstrap_endpoints - B (6)
    F 73:0 test_session_unlock_allows_timeline - A (4)
    F 22:0 test_production_strict_blocks_species_list_without_session - A (3)
    F 13:0 test_strict_flag_without_production_does_not_block_public_ui_api - A (2)
    F 37:0 test_production_strict_allows_ui_api_key_header - A (2)
    F 43:0 test_production_strict_allows_bearer_ui_api_key - A (2)
    F 52:0 test_production_strict_allows_mcp_bearer - A (2)
    F 61:0 test_options_preflight_not_blocked - A (2)
    F 66:0 test_strict_gate_only_under_api_ui_prefix - A (2)
    F 7:0 _strict_prod_env - A (1)
web/tests/test_sqlite_admin_service.py
    F 8:0 test_sqlite_main_file_path_memory_database_name - A (2)
    F 13:0 test_sqlite_main_file_path_none_for_non_sqlite_engine - A (2)
    F 26:0 test_sqlite_main_file_path_file - A (2)
web/tests/test_species_catalog_reconcile.py
    F 70:0 test_merge_species_into_preserves_missing_target_metadata - B (6)
    F 104:0 test_merge_duplicate_species_endpoint_preserves_missing_target_metadata - B (6)
    F 24:0 test_merge_species_into_moves_fks - A (4)
    F 148:0 test_reconcile_dry_run_finds_duplicate_norm - A (4)
    F 167:0 test_reconcile_endpoint - A (4)
    F 12:0 _pw - A (1)
web/tests/test_config.py
    F 14:0 test_cors_local_dev_origins_default - A (3)
    F 6:0 test_cors_default_origins_from_env - A (2)
    F 23:0 test_cors_local_dev_origins_empty_overrides_default - A (2)
    F 31:0 test_cors_local_dev_origins_disabled_by_default_in_production - A (2)
web/tests/test_fusion_product_service.py
    F 45:0 test_build_recognition_improvement_summary_reports_heuristic_feedback - B (7)
    F 69:0 test_run_recognition_training_job_exports_trains_registers_and_activates - B (7)
    F 117:0 test_rollback_recognition_model_falls_back_to_heuristic_without_previous_model - A (4)
    F 15:0 isolated_product_config - A (1)
    F 25:0 _write_species_correction - A (1)
web/tests/test_homeassistant_config.py
    F 57:0 test_prepare_settings_for_api_hides_legacy_weather_ha_keys - B (6)
    F 4:0 test_get_homeassistant_prefers_new_keys_over_legacy - A (3)
    F 23:0 test_get_homeassistant_falls_back_to_legacy - A (3)
    F 40:0 test_get_homeassistant_env_overrides_config - A (3)
web/tests/test_notifications.py
    F 448:0 test_system_observability_includes_delivery_and_fallback_counts - C (11)
    F 50:0 test_notify_returns_photo_delivery_metadata_on_success - B (9)
    F 292:0 test_notify_detections_logs_decode_failed_reason - B (9)
    F 347:0 test_notify_detections_skips_when_no_preview_context - B (8)
    F 122:0 test_notify_retries_photo_with_aggressive_jpeg_before_text_fallback - B (7)
    F 394:0 test_notify_detections_skips_when_notification_ineligible_even_with_image - B (7)
    F 515:0 test_system_observability_ignores_processor_preview_generation_rows - B (7)
    F 221:0 test_notify_text_only_mode_skips_preview_diagnostic - B (6)
    F 80:0 test_telegram_request_triggers_proxy_refresh_after_connection_error - A (5)
    F 165:0 test_notify_returns_text_fallback_reason_when_photo_send_fails - A (5)
    F 197:0 test_notify_text_fallback_includes_diagnostic_note - A (4)
    F 246:0 test_notify_app_startup_uses_text_only_notification - A (4)
    F 265:0 test_notify_marks_text_failure_when_photo_and_fallback_both_fail - A (4)
    C 12:0 _FakeResponse - A (3)
    M 13:4 _FakeResponse.__init__ - A (2)
    F 23:0 _fake_config - A (1)
    M 19:4 _FakeResponse.json - A (1)
web/tests/test_birdlense_mcp.py
    F 9:0 test_main_uses_streamable_http_transport - A (4)
web/tests/test_birdnet_fifo_hearing_state.py
    F 37:0 test_build_species_fifo_table_rows_sorts_active_first_and_counts - C (12)
    F 13:0 test_build_species_hearing_state_fresh_vs_stale - A (4)
    F 26:0 test_repeated_singing_updates_last_heard - A (3)
web/tests/test_api.py
    M 982:4 TestTimeline.test_favorites_by_species_groups_active_favorite_videos - C (15)
    M 1299:4 TestVideos.test_video_neighbors_prev_next_same_utc_day - C (15)
    M 65:4 TestMetrics.test_system_visitors_endpoint_counts_anonymous_browsers - C (13)
    M 2989:4 TestConfigAudit.test_config_audit_ignores_valid_dynamic_and_schema_keys - C (13)
    M 358:4 TestTrackRegenFallback.test_single_video_regen_writes_fresh_decision_trace - C (12)
    M 876:4 TestTimeline.test_timeline_favorite_only_filters_visits_and_orphans - C (12)
    C 150:0 TestLibraryDatasetFlow - C (11)
    M 1171:4 TestStatus.test_status_returns_component_status - C (11)
    C 1743:0 TestCorrectionsHistory - C (11)
    C 2815:0 TestScanRecordings - C (11)
    C 2988:0 TestConfigAudit - C (11)
    M 153:4 TestLibraryDatasetFlow.test_library_dataset_endpoints_smoke - B (10)
    M 457:4 TestTrackRegenFallback.test_single_video_regen_uses_quality_profile - B (10)
    M 1744:4 TestCorrectionsHistory.test_recent_corrections_endpoint_shape - B (10)
    M 2254:4 TestStoragePurge.test_purge_storage_range_deletes_only_in_range - B (10)
    M 2816:4 TestScanRecordings.test_scan_import_avoids_new_legacy_unknowns_and_cleans_old_ones - B (10)
    M 1128:4 TestHealth.test_readiness_returns_checks_and_components - B (9)
    C 2010:0 TestStoragePurge - B (9)
    M 2067:4 TestStoragePurge.test_purge_storage_skips_favorite_when_protect_favorites_enabled - B (9)
    M 2162:4 TestStoragePurge.test_purge_storage_skips_non_favorite_in_session_with_favorite - B (9)
    C 2401:0 TestSpeciesRegionalScope - B (9)
    M 2411:4 TestSpeciesRegionalScope.test_regional_scope_true_for_birdnet_detection - B (9)
    M 2475:4 TestSpeciesXenoCanto.test_xeno_canto_returns_recordings_or_empty - B (9)
    C 9:0 TestMetrics - B (8)
    M 12:4 TestMetrics.test_metrics_returns_prometheus_format - B (8)
    M 47:4 TestMetrics.test_metrics_summary_json - B (8)
    M 123:4 TestMetrics.test_system_metrics_history_endpoint - B (8)
    M 788:4 TestTimeline.test_timeline_visit_includes_scales_from_primary_video - B (8)
    M 2574:4 TestMigrationCalendar.test_migration_calendar_species_structure - B (8)
    M 23:4 TestMetrics.test_metrics_values_are_numeric - B (7)
    M 36:4 TestMetrics.test_api_metrics_same_as_metrics - B (7)
    C 658:0 TestTimeline - B (7)
    M 846:4 TestTimeline.test_timeline_includes_video_not_attached_to_any_visit - B (7)
    C 1237:0 TestFeed - B (7)
    M 1381:4 TestVideos.test_video_neighbors_can_follow_primary_videos_of_visits - B (7)
    M 1588:4 TestVideos.test_video_neighbors_includes_clip_starting_before_day_but_overlapping - B (7)
    C 1757:0 TestDetectionSpeciesPatch - B (7)
    C 2470:0 TestSpeciesXenoCanto - B (7)
    M 2906:4 TestVerifyPasswordRateLimit.test_five_wrong_then_429 - B (7)
    M 2929:4 TestVerifyPasswordRateLimit.test_success_clears_counter - B (7)
    C 198:0 TestTrackRegenFallback - B (6)
    C 1122:0 TestHealth - B (6)
    C 1170:0 TestStatus - B (6)
    M 1238:4 TestFeed.test_feed_dispense_returns_200_or_403_or_500 - B (6)
    C 1288:0 TestVideos - B (6)
    M 1339:4 TestVideos.test_video_neighbors_local_scope_and_cross_day - B (6)
    M 1672:4 TestVideos.test_patch_video_favorite_updates_and_blocks_deleted - B (6)
    M 1758:4 TestDetectionSpeciesPatch.test_patch_default_single_track_only_one_row - B (6)
    M 1827:4 TestDetectionSpeciesPatch.test_patch_video_source_defaults_legacy_fanout - B (6)
    M 2011:4 TestStoragePurge.test_purge_storage_deletes_db_rows_and_files - B (6)
    M 2402:4 TestSpeciesRegionalScope.test_species_list_includes_regional_scope_boolean - B (6)
    M 2552:4 TestMigrationCalendar.test_migration_calendar_returns_200 - B (6)
    C 2892:0 TestVerifyPasswordRateLimit - B (6)
    M 3033:4 TestConfigAudit.test_update_settings_does_not_persist_transient_zip_field - B (6)
    M 724:4 TestTimeline.test_timeline_dedupes_visit_with_multiple_video_species - A (5)
    C 1104:0 TestOverview - A (5)
    M 1107:4 TestOverview.test_overview_returns_last_detection_key - A (5)
    M 1140:4 TestHealth.test_readiness_returns_503_when_database_check_fails - A (5)
    M 1155:4 TestHealth.test_readiness_survives_component_status_exception - A (5)
    C 1214:0 TestSettings - A (5)
    C 1248:0 TestCameras - A (5)
    C 1256:0 TestWeather - A (5)
    M 1634:4 TestVideos.test_storage_nearest_recording_day_skips_empty_days - A (5)
    C 1722:0 TestSpecies - A (5)
    M 1728:4 TestSpecies.test_species_observed_returns_list - A (5)
    M 1735:4 TestSpecies.test_species_track_regen_options_returns_list - A (5)
    C 1897:0 TestBirdFamilies - A (5)
    C 1906:0 TestSettingsEndpoints - A (5)
    C 1945:0 TestDatabaseBackupRestore - A (5)
    M 1946:4 TestDatabaseBackupRestore.test_db_backup_endpoint_exists - A (5)
    C 2326:0 TestRetentionFavoriteSession - A (5)
    C 2505:0 TestPush - A (5)
    M 2508:4 TestPush.test_push_vapid_returns_key_or_503 - A (5)
    C 2549:0 TestMigrationCalendar - A (5)
    M 2957:4 TestVerifyPasswordRateLimit.test_x_real_ip_separate_buckets - A (5)
    C 3137:0 TestVideoStreamAccess - A (5)
    M 58:4 TestMetrics.test_system_metrics_live_only - A (4)
    M 92:4 TestMetrics.test_system_visitors_counts_browser_days_as_unique_visits - A (4)
    M 201:4 TestTrackRegenFallback.test_precise_fallback_runs_after_empty_fast_pass - A (4)
    M 232:4 TestTrackRegenFallback.test_precise_fallback_skips_second_pass_when_fast_found_detections - A (4)
    M 295:4 TestTrackRegenFallback.test_derive_track_regen_species_scope_uses_mapping_and_prior_observed - A (4)
    C 610:0 TestTimelineExport - A (4)
    M 624:4 TestTimelineExport.test_export_json_returns_array - A (4)
    M 634:4 TestTimelineExport.test_export_csv_returns_text - A (4)
    M 642:4 TestTimelineExport.test_export_ebird_returns_csv - A (4)
    M 1198:4 TestStatus.test_status_survives_component_status_exception - A (4)
    M 1215:4 TestSettings.test_settings_get_returns_config - A (4)
    M 1249:4 TestCameras.test_cameras_returns_list - A (4)
    M 1262:4 TestWeather.test_weather_includes_source_metadata - A (4)
    C 1715:0 TestBirdfood - A (4)
    M 1898:4 TestBirdFamilies.test_bird_families_returns_list - A (4)
    M 1907:4 TestSettingsEndpoints.test_settings_requires_password_returns_bool - A (4)
    M 1913:4 TestSettingsEndpoints.test_settings_check_access_returns_status - A (4)
    C 1920:0 TestStatusDebug - A (4)
    M 1955:4 TestDatabaseBackupRestore.test_db_restore_requires_file - A (4)
    M 1980:4 TestDatabaseBackupRestore.test_sqlite_replace_live_db_swaps_file_and_removes_sidecars - A (4)
    M 2327:4 TestRetentionFavoriteSession.test_retention_cascade_skips_coworker_in_favorite_session - A (4)
    C 2384:0 TestReportPdf - A (4)
    M 2390:4 TestReportPdf.test_report_month_returns_pdf - A (4)
    M 2517:4 TestPush.test_push_subscribe_rejects_empty_or_invalid - A (4)
    M 2585:4 TestMigrationCalendar.test_migration_calendar_filter_by_year - A (4)
    M 2591:4 TestMigrationCalendar.test_migration_calendar_filter_by_date - A (4)
    M 2621:4 TestMigrationCalendar.test_migration_calendar_evidence_param_ignored - A (4)
    C 2682:0 TestUnknowns - A (4)
    M 2699:4 TestUnknowns.test_unknowns_limit_is_capped - A (4)
    M 2713:4 TestUnknowns.test_unknowns_excludes_legacy_import_placeholders - A (4)
    M 2766:4 TestUnknowns.test_unknowns_include_clip_that_overlaps_window - A (4)
    C 3065:0 TestSpeciesSummaryReadOnly - A (4)
    M 3068:4 TestSpeciesSummaryReadOnly.test_summary_includes_metadata_trust - A (4)
    M 3140:4 TestVideoStreamAccess.test_stream_allows_guest_when_not_locked - A (4)
    M 258:4 TestTrackRegenFallback.test_manual_conflict_filter_drops_unknown_same_track - A (3)
    M 342:4 TestTrackRegenFallback.test_remap_detection_to_local_scope_maps_exotics_to_unknown - A (3)
    M 613:4 TestTimelineExport.test_export_requires_params - A (3)
    M 618:4 TestTimelineExport.test_export_requires_format - A (3)
    M 649:4 TestTimelineExport.test_export_rejects_interval_over_one_day - A (3)
    M 661:4 TestTimeline.test_timeline_requires_params - A (3)
    M 666:4 TestTimeline.test_timeline_returns_list - A (3)
    M 677:4 TestTimeline.test_timeline_accepts_observer_local_date - A (3)
    M 1123:4 TestHealth.test_health_returns_ok - A (3)
    M 1185:4 TestStatus.test_status_mqtt_reflects_feed_source - A (3)
    M 1192:4 TestStatus.test_status_esphome_reflects_feed_source - A (3)
    M 1222:4 TestSettings.test_settings_with_mcp_token - A (3)
    M 1257:4 TestWeather.test_weather_returns_dict - A (3)
    M 1289:4 TestVideos.test_videos_not_found_returns_404 - A (3)
    M 1294:4 TestVideos.test_video_neighbors_not_found_returns_404 - A (3)
    M 1469:4 TestVideos.test_video_neighbors_visit_primary_requires_visit_id - A (3)
    M 1491:4 TestVideos.test_video_neighbors_visit_primary_uses_primary_video_inside_current_day - A (3)
    M 1716:4 TestBirdfood.test_birdfood_get_returns_list - A (3)
    M 1723:4 TestSpecies.test_species_returns_list - A (3)
    M 1935:4 TestStatusDebug.test_status_debug_returns_diagnostics_when_unlocked - A (3)
    M 2385:4 TestReportPdf.test_report_requires_params - A (3)
    M 2534:4 TestPush.test_push_subscribe_requires_keys - A (3)
    M 2600:4 TestMigrationCalendar.test_migration_calendar_rejects_invalid_start_date - A (3)
    M 2605:4 TestMigrationCalendar.test_migration_calendar_rejects_reversed_date_range - A (3)
    M 2613:4 TestMigrationCalendar.test_migration_calendar_catalog_full_and_evidence_video - A (3)
    M 2683:4 TestUnknowns.test_unknowns_requires_params - A (3)
    M 2688:4 TestUnknowns.test_unknowns_returns_list - A (3)
    M 3083:4 TestSpeciesSummaryReadOnly.test_summary_hourly_activity_uses_observer_local_hour - A (3)
    M 3118:4 TestSpeciesSummaryReadOnly.test_refresh_metadata_requires_settings_password - A (3)
    M 3169:4 TestVideoStreamAccess.test_stream_requires_password_when_locked - A (3)
    M 551:4 TestTrackRegenFallback.test_single_video_regen_skips_species_wiki_enrichment - A (2)
    M 672:4 TestTimeline.test_timeline_rejects_interval_over_one_day - A (2)
    M 1117:4 TestOverview.test_overview_rejects_invalid_timestamp - A (2)
    M 1666:4 TestVideos.test_delete_video_requires_access - A (2)
    M 1921:4 TestStatusDebug.test_status_debug_requires_access - A (2)
    M 1962:4 TestDatabaseBackupRestore.test_sqlite_backup_helper_captures_live_database - A (2)
    M 2396:4 TestReportPdf.test_report_rejects_invalid_month - A (2)
    M 2471:4 TestSpeciesXenoCanto.test_xeno_canto_404_for_unknown_species - A (2)
    M 2677:4 TestMigrationCalendar.test_migration_calendar_rejects_bad_catalog - A (2)
    M 2694:4 TestUnknowns.test_unknowns_rejects_interval_over_one_day - A (2)
    M 2896:4 TestVerifyPasswordRateLimit._clear_buckets - A (1)
web/tests/test_session_idle.py
    F 8:0 test_session_idle_expires_unlocked_session - A (3)
    F 34:0 test_session_idle_disabled_when_zero - A (2)
web/tests/test_upload_request_encoding_guard.py
    F 6:0 test_upload_rejects_gzip_content_encoding - A (3)
    F 18:0 test_upload_allows_missing_content_encoding - A (2)
    F 24:0 test_yaml_import_rejects_br - A (2)
    F 34:0 test_upload_allows_identity_only - A (2)
web/tests/test_perf_sql_query_budget.py
    C 76:0 TestTimelineSqlBudget - A (5)
    C 26:0 TestOverviewSqlBudget - A (4)
    M 79:4 TestTimelineSqlBudget.test_build_merged_timeline_query_count_bounded - A (4)
    M 29:4 TestOverviewSqlBudget.test_get_overview_data_query_count_bounded_with_many_visits - A (3)
    F 12:0 _sql_statement_count - A (1)
web/migrations/env.py
    F 17:0 get_engine_url - A (2)
    F 28:0 get_metadata - A (2)
    F 46:0 run_migrations_online - A (2)
    F 13:0 get_engine - A (1)
    F 34:0 run_migrations_offline - A (1)
web/migrations/versions/001_schema_patches.py
    F 25:0 upgrade - C (20)
    F 19:0 _column_names - A (3)
    F 109:0 downgrade - A (1)
web/migrations/versions/003_perf_list_indexes.py
    F 24:0 upgrade - A (4)
    F 44:0 downgrade - A (4)
    F 18:0 _index_names - A (3)
web/migrations/versions/002_hazel_grouse_species.py
    F 22:0 upgrade - A (3)
    F 45:0 downgrade - A (1)
web/migrations/versions/002_video_deleted_at.py
    F 31:0 upgrade - A (4)
    F 19:0 _column_names - A (3)
    F 25:0 _index_names - A (3)
    F 49:0 downgrade - A (1)
web/migrations/versions/004_birdnet_fifo_event.py
    F 39:0 downgrade - A (4)
    F 19:0 upgrade - A (2)
web/seed/seed.py
    F 151:0 seed - B (7)
    F 123:0 _food_asset_exists - A (5)
    F 31:0 seed_bird_food - A (4)
    F 133:0 _remove_legacy_apple_pieces_bird_food - A (3)
    F 16:0 dfs_traverse_and_insert - A (2)
processor/src/recording_decision_trace_log.py
    F 9:0 write_decision_trace_activity - A (5)
processor/src/recording_notify_policy.py
    F 16:0 resolve_min_confidence_to_notify - B (6)
    F 26:0 notify_suppression_reason - B (6)
processor/src/recording_post_fusion_rejections.py
    F 17:0 collect_post_fusion_rejections - B (8)
    F 10:0 _min_confidence_to_store - A (3)
processor/src/api.py
    M 26:4 API._send_request - B (7)
    M 65:4 API.notify_species - B (6)
    C 10:0 API - A (4)
    M 89:4 API.create_video - A (4)
    M 11:4 API.__init__ - A (2)
    M 20:4 API._headers - A (2)
    M 61:4 API.notify_motion - A (1)
    M 120:4 API.set_active_species - A (1)
    M 125:4 API.activity_log - A (1)
processor/src/main.py
    F 18:0 main - A (2)
processor/src/dataset_saver.py
    F 20:0 save_dataset_crops - C (12)
    F 74:0 _extract_local_detection_crop - C (11)
    F 12:0 _sanitize_dirname - A (2)
processor/src/track_regenerator.py
    F 85:0 process_video_for_tracks - D (22)
    F 28:0 _dedupe_track_detections - B (9)
    F 14:0 _track_detection_preference - B (6)
    F 63:0 build_detection_pipeline - A (1)
processor/src/pipeline_policy.py
    F 6:0 build_pipeline_policy_snapshot - C (20)
processor/src/decision_trace_builder.py
    F 106:0 build_decision_trace_payload - E (36)
    F 69:0 decision_trace_row - C (17)
    F 95:0 clip_trace_rows - A (3)
processor/src/recording_ingest_gate.py
    F 9:0 log_missing_video_gate - A (3)
processor/src/recording_no_detection_log.py
    F 8:0 log_no_detections_after_merge - A (2)
processor/src/mqtt_aggregator.py
    M 615:4 MQTTEventAggregator._on_message - F (91)
    M 73:4 MQTTEventAggregator.__init__ - F (46)
    M 1001:4 MQTTEventAggregator.has_recent_frigate_activity - D (23)
    M 1051:4 MQTTEventAggregator.get_birdnet_prior_scores - D (23)
    M 883:4 MQTTEventAggregator._run_client - C (17)
    M 287:4 MQTTEventAggregator._prune_birdnet_events_locked - C (14)
    M 546:4 MQTTEventAggregator._publish_ha_scale_snapshot - C (13)
    C 67:0 MQTTEventAggregator - C (12)
    M 374:4 MQTTEventAggregator._remember_birdnet_event - B (10)
    M 261:4 MQTTEventAggregator._birdnet_log - B (8)
    M 346:4 MQTTEventAggregator._maybe_write_birdnet_fifo_snapshot_locked - B (7)
    M 432:4 MQTTEventAggregator._publish_ha_discovery - B (7)
    M 1150:4 MQTTEventAggregator.publish_detection - B (7)
    M 599:4 MQTTEventAggregator._drain_publish_queue - B (6)
    M 952:4 MQTTEventAggregator.start - B (6)
    M 1171:4 MQTTEventAggregator.publish_detections - B (6)
    M 981:4 MQTTEventAggregator.get_events_in_window - A (5)
    M 234:4 MQTTEventAggregator._enqueue_feeder_scale_write - A (4)
    M 1185:4 MQTTEventAggregator.is_mqtt_ok_for_heartbeat - A (4)
    M 1197:4 MQTTEventAggregator.stop - A (4)
    F 51:0 _normalize_obs_level - A (3)
    M 272:4 MQTTEventAggregator._validate_normalized_event - A (3)
    M 418:4 MQTTEventAggregator._on_connect - A (3)
    M 581:4 MQTTEventAggregator._clear_publish_queue - A (3)
    M 589:4 MQTTEventAggregator._enqueue_publish - A (3)
    M 204:4 MQTTEventAggregator._ensure_feeder_scale_worker - A (2)
    M 575:4 MQTTEventAggregator._on_disconnect - A (2)
    M 1045:4 MQTTEventAggregator.get_birdnet_events - A (2)
    M 1181:4 MQTTEventAggregator.is_mqtt_live - A (1)
    M 1193:4 MQTTEventAggregator.is_connected - A (1)
processor/src/notify_preview_encode.py
    F 9:0 encode_notify_preview_base64 - D (25)
processor/src/recording_scales_evidence.py
    F 9:0 estimate_recording_scales_delta - B (9)
processor/src/interfaces.py
    C 15:0 DetectionStrategyProtocol - A (2)
    M 18:4 DetectionStrategyProtocol.detect - A (1)
    M 27:4 DetectionStrategyProtocol.reset - A (1)
processor/src/file_test_control.py
    M 103:4 FileTestRuntime.poll - B (10)
    M 140:4 FileTestRuntime._apply_media_state - B (10)
    M 195:4 FileTestRuntime._write_status_file - B (8)
    F 236:0 maybe_build_file_test_runtime - B (7)
    C 86:0 FileTestRuntime - A (5)
    F 37:0 resolved_file_dir_for_config - A (3)
    F 44:0 atomic_write_json - A (3)
    F 68:0 _build_playlist_source - A (3)
    F 62:0 _effective_loop - A (2)
    M 129:4 FileTestRuntime.poll_during_active_session - A (2)
    M 175:4 FileTestRuntime._swap_idle - A (2)
    M 185:4 FileTestRuntime._swap_playlist - A (2)
    F 27:0 file_test_control_dir - A (1)
    F 31:0 ensure_file_test_control_dir - A (1)
    M 137:4 FileTestRuntime._playlist_paths - A (1)
    M 232:4 FileTestRuntime.clear_abort_after_session - A (1)
processor/src/fps_tracker.py
    C 7:0 FPSTracker - A (2)
    M 32:4 FPSTracker.log_summary - A (2)
    M 8:4 FPSTracker.__init__ - A (1)
    M 14:4 FPSTracker.reset - A (1)
    M 20:4 FPSTracker.__call__ - A (1)
    M 23:4 FPSTracker.__enter__ - A (1)
    M 27:4 FPSTracker.__exit__ - A (1)
processor/src/processor_bootstrap.py
    F 61:0 build_processor_run_context - B (8)
    F 149:0 run_motion_loop - B (8)
    F 197:0 recording_cooldown_remaining - A (4)
    F 189:0 close_processor_media - A (3)
    F 39:0 parse_processor_args - A (1)
    C 31:0 ProcessorRunContext - A (1)
processor/src/recording_mqtt_window.py
    F 10:0 get_recording_mqtt_events - A (4)
processor/src/processor_cv2_init.py
    F 13:0 configure_opencv_ffmpeg_logging - B (7)
processor/src/birdnet_fifo_snapshot.py
    F 68:0 build_birdnet_fifo_snapshot_payload - C (18)
    F 142:0 write_birdnet_fifo_snapshot - B (7)
    F 49:0 sanitize_birdnet_event_for_export - B (6)
    F 37:0 _parse_ts - A (4)
processor/src/recording_session_cleanup.py
    F 9:0 remove_session_dir - A (2)
processor/src/birdnet_fifo_persist.py
    M 183:4 BirdnetFifoPersist._run - C (14)
    F 48:0 prune_birdnet_event_list - B (9)
    F 86:0 hydrate_birdnet_events_from_db - B (9)
    F 36:0 _parse_iso8601_utc - A (4)
    C 127:0 BirdnetFifoPersist - A (4)
    F 18:0 hub_sqlite_path - A (3)
    F 24:0 processor_birdnet_persist_db_path - A (3)
    M 137:4 BirdnetFifoPersist.start - A (2)
    M 144:4 BirdnetFifoPersist.enqueue_insert - A (2)
    M 150:4 BirdnetFifoPersist.enqueue_prune - A (2)
    M 130:4 BirdnetFifoPersist.__init__ - A (1)
    M 156:4 BirdnetFifoPersist.wait_queue_drained - A (1)
    M 160:4 BirdnetFifoPersist._connect - A (1)
    M 171:4 BirdnetFifoPersist._ensure_table - A (1)
processor/src/processor_runtime_stats.py
    F 23:0 _data_dir - A (3)
    F 48:0 observe_timing - A (3)
    F 69:0 runtime_stats_snapshot - A (3)
    F 90:0 flush_runtime_stats_snapshot - A (3)
    F 61:0 _quantile - A (2)
    F 111:0 _safe_flush_runtime_stats_snapshot - A (2)
    F 27:0 snapshot_path - A (1)
    F 34:0 inc_counter - A (1)
    F 41:0 set_gauge - A (1)
    F 120:0 reset_runtime_stats_for_tests - A (1)
processor/src/recordings_remote_mirror.py
    F 90:0 _upload_session_impl - E (36)
    F 70:0 _mkdir_p - B (9)
    F 53:0 _session_relative_to_recordings - B (7)
    F 28:0 _mirror_block - A (4)
    F 44:0 _semaphore - A (4)
    F 221:0 _upload_worker - A (4)
    F 236:0 schedule_recordings_session_mirror - A (4)
    F 36:0 _mirror_enabled - A (3)
processor/src/encoding_status.py
    F 6:0 set_last_encoding_used - A (1)
    F 11:0 get_last_encoding_used - A (1)
processor/src/processor_support.py
    F 83:0 heartbeat - C (13)
    F 19:0 get_data_dir - A (3)
    F 28:0 _setup_logging - A (3)
    F 71:0 check_restart_flag - A (3)
    F 56:0 get_output_path - A (1)
    F 65:0 restart_flag_path - A (1)
    F 125:0 start_heartbeat_daemon - A (1)
processor/src/motion_runtime.py
    F 15:0 build_processor_motion_detector - E (35)
    F 97:0 _build_esphome_scale_motion_detector - B (10)
processor/src/recording_spectrogram.py
    F 12:0 maybe_generate_recording_spectrogram - B (7)
processor/src/detection_fusion.py
    F 354:0 build_fused_video_detections - F (46)
    F 137:0 _frigate_standalone_prepared_rows - E (38)
    F 301:0 _frigate_events_camera_scoped - C (18)
    F 79:0 _attach_audio_evidence - C (16)
    F 31:0 _aggregate_birdnet_scores - C (14)
    F 276:0 prepare_track_results_for_fusion - B (9)
    F 337:0 _clamp_fusion_confidence_inflation - B (8)
    F 265:0 _prepared_is_single_generic_bird_track - B (6)
    F 20:0 _species_mapping - A (2)
    F 24:0 _safe_float - A (2)
processor/src/decision_maker.py
    M 361:4 DecisionMaker.get_decisions - F (45)
    M 325:4 DecisionMaker._pick_classifier_candidate - C (15)
    M 44:4 DecisionMaker.__init__ - C (14)
    M 293:4 DecisionMaker._pick_detector_candidate - C (14)
    C 43:0 DecisionMaker - B (9)
    M 187:4 DecisionMaker._promotable_generic_bird - B (9)
    M 125:4 DecisionMaker._reject_reason_code - B (8)
    F 21:0 _normalized_species_keys - B (7)
    M 108:4 DecisionMaker._trust_band_for_decision - B (7)
    M 210:4 DecisionMaker._get_threshold_for_species - B (7)
    M 234:4 DecisionMaker.apply_runtime_overrides - B (6)
    M 163:4 DecisionMaker._bbox_area_frac - A (5)
    M 174:4 DecisionMaker._generic_bird_visual_support - A (5)
    M 258:4 DecisionMaker.decide_stop_recording - A (4)
    M 251:4 DecisionMaker.update_has_detections - A (3)
    M 274:4 DecisionMaker.decide_species - A (3)
    M 283:4 DecisionMaker.get_first_species_result - A (3)
    M 627:4 DecisionMaker.get_results - A (3)
    F 15:0 _is_rodent_detector_label - A (2)
    M 150:4 DecisionMaker._outcome_bucket - A (1)
    M 227:4 DecisionMaker.reset - A (1)
    M 247:4 DecisionMaker.reset_runtime_overrides - A (1)
processor/src/fusion_metrics.py
    F 64:0 evaluate_binary_scores - D (22)
    F 24:0 _ece_bins - C (13)
    F 123:0 evaluate_by_slice - B (6)
    F 10:0 _safe_float - A (2)
    F 17:0 _safe_int - A (2)
processor/src/recording_dataset_crops.py
    F 14:0 maybe_save_dataset_crops - A (4)
    F 8:0 _save_dataset_crops - A (1)
processor/src/processor_runtime_profile.py
    F 55:0 resolve_runtime_profile - C (16)
    F 84:0 light_gate_allows_frame - B (10)
    M 41:4 RuntimeProfileConfigOverlay.resolve_strategy_field - B (9)
    C 9:0 RuntimeProfileConfigOverlay - A (4)
    M 32:4 RuntimeProfileConfigOverlay.get - A (4)
    M 12:4 RuntimeProfileConfigOverlay.__init__ - A (2)
    M 17:4 RuntimeProfileConfigOverlay.__getitem__ - A (2)
    M 24:4 RuntimeProfileConfigOverlay.__iter__ - A (1)
    M 28:4 RuntimeProfileConfigOverlay.__len__ - A (1)
processor/src/light_level_detector.py
    M 16:4 LightLevelDetector.has_sufficient_light - A (4)
    M 42:4 LightLevelDetector._log_conditions - A (4)
    C 6:0 LightLevelDetector - A (3)
    M 9:4 LightLevelDetector.__init__ - A (1)
    M 35:4 LightLevelDetector.measure - A (1)
processor/src/media_runtime.py
    F 64:0 setup_processor_media - D (22)
    F 31:0 _wait_until_cameras_configured - B (6)
    F 50:0 _start_mjpeg_feeder_thread - A (1)
    C 21:0 ProcessorMediaSetup - A (1)
processor/src/decision_outcome.py
    F 6:0 compute_outcome_bucket - B (6)
processor/src/recording_notify_errors.py
    F 8:0 notify_error_hint - A (3)
processor/src/recording_finalize.py
    F 39:0 finalize_motion_recording - F (46)
processor/src/ebird_regional_confidence.py
    F 10:0 merge_species_confidence_overrides_with_ebird_top - D (23)
processor/src/frigate_bbox.py
    F 15:0 _frame_dimensions - C (12)
    F 37:0 _normalize_xyxy - B (10)
    F 83:0 frigate_after_to_normalized_xyxy - B (9)
    F 61:0 _bbox_from_object - B (6)
    F 6:0 _as_four_floats - A (4)
processor/src/fusion_model.py
    C 40:0 FusionScorer - A (5)
    M 47:4 FusionScorer.__init__ - A (5)
    M 91:4 FusionScorer.score - A (5)
    M 81:4 FusionScorer._vec_from_features - A (3)
    C 25:4 _TorchMLP - A (2)
    M 26:8 _TorchMLP.__init__ - A (1)
    M 36:8 _TorchMLP.forward - A (1)
processor/src/mqtt_event_parsers.py
    F 171:0 _parse_birdnet_event_with_reason - F (42)
    F 108:0 _parse_frigate_event_dict - D (21)
    F 39:0 _parse_scale_payload - B (10)
    F 65:0 _frigate_labels_match_exclude - B (10)
    F 81:0 _frigate_dict_has_box_or_region - B (9)
    F 157:0 _parse_frigate_snapshot_topic - B (8)
    F 24:0 _parse_bird_present_payload - A (5)
    F 96:0 _frigate_after_has_tracked_geometry - A (5)
    F 12:0 _parse_iso8601_utc - A (4)
    F 147:0 _parse_frigate_event - A (2)
    F 249:0 _parse_birdnet_event - A (1)
processor/src/spectrogram.py
    F 14:0 generate_spectrogram - C (13)
processor/src/recording_notify_dispatch.py
    F 17:0 notify_unique_species - C (13)
processor/src/feed_controller.py
    C 14:0 FeedController - A (5)
    M 17:4 FeedController.__init__ - A (5)
    M 26:4 FeedController.feed_on - A (5)
    M 40:4 FeedController.feed_off - A (5)
    M 54:4 FeedController.feed_pulse - A (2)
    M 61:4 FeedController._esphome_call - A (2)
processor/src/recording_video_response.py
    F 8:0 response_video_id - A (2)
processor/src/file_test_paths.py
    F 10:0 scan_video_files_in_dir - A (5)
processor/src/species_normalizer.py
    F 168:0 merge_detections - F (75)
    F 73:0 _collapse_overlapping_generic_bird_detection - C (19)
    F 134:0 _is_pure_yolo_generic_bird_fragment - C (12)
    F 27:0 normalize - B (8)
    F 47:0 _to_title_case - B (6)
    F 13:0 _extract_common_for_merge - A (4)
    F 69:0 _canonical_merge_key - A (4)
    F 152:0 _event_offset_seconds - A (4)
    F 64:0 _is_rodent_taxon_name - A (3)
    F 148:0 _should_keep_generic_bird_fragments_separate - A (3)
processor/src/mqtt_runtime.py
    F 99:0 start_mqtt_aggregator_session - C (19)
    F 21:0 load_scales_mqtt_topic_config - C (11)
    F 45:0 scales_mqtt_bird_present_topic - B (9)
    F 61:0 _frigate_camera_filter_list - A (2)
    F 75:0 _frigate_label_set - A (1)
    F 84:0 frigate_filters_for_cameras - A (1)
processor/src/scale_sample_log.py
    F 84:0 estimate_weight_delta_kg - C (19)
    F 64:0 _parse_line - B (6)
    F 28:0 append_feeder_scale_sample - A (5)
    F 47:0 _trim_head_if_needed - A (4)
    F 16:0 _to_kg - A (3)
    F 23:0 weight_reading_to_kg - A (1)
processor/src/recording_notify_preview_log.py
    F 9:0 write_notify_preview_activity - A (3)
processor/src/multi_camera_confidence.py
    F 23:0 apply_multi_camera_confidence_boost - D (27)
    F 11:0 _parse_groups - B (9)
processor/src/frame_processor.py
    M 69:4 FrameProcessor.run - D (29)
    M 207:4 FrameProcessor.update_track - C (14)
    C 28:0 FrameProcessor - C (11)
    M 29:4 FrameProcessor.__init__ - B (6)
    C 12:0 _LightGateDisabled - A (2)
    M 57:4 FrameProcessor._update_key_frames - A (2)
    M 263:4 FrameProcessor.reset - A (2)
    M 17:4 _LightGateDisabled.has_sufficient_light - A (1)
    M 20:4 _LightGateDisabled.measure - A (1)
processor/src/recording_cleanup_policy.py
    F 8:0 should_keep_empty_recording - A (3)
processor/src/runtime_contract.py
    F 123:0 infer_threshold_path - C (19)
    F 175:0 summarize_runtime_contract - C (15)
    F 100:0 infer_primary_signal - C (13)
    F 43:0 choose_primary_provider - C (12)
    F 33:0 provider_lineage - B (6)
    F 87:0 infer_fallback_reason - B (6)
    F 63:0 yolo_track_present - A (5)
    F 76:0 _fallback_reason_from_value - A (5)
    F 26:0 normalize_provider - A (3)
    F 171:0 apply_runtime_contract_rows - A (3)
    F 158:0 apply_runtime_contract - A (1)
processor/src/frigate_scope.py
    F 21:0 frigate_camera_allow_ids - C (11)
    F 4:0 frigate_label_resolve_set - B (7)
processor/src/mqtt_scale_state.py
    F 17:0 write_feeder_scale_state - B (9)
processor/src/birdnet_mqtt_confidence.py
    F 11:0 merge_birdnet_mqtt_bias_into_overrides - D (25)
processor/src/detection_strategy.py
    M 311:4 TwoStageStrategy.detect - E (37)
    C 203:0 TwoStageStrategy - C (11)
    M 204:4 TwoStageStrategy.__init__ - B (10)
    M 293:4 TwoStageStrategy._priority_score - B (9)
    M 260:4 TwoStageStrategy._normalize_detector_label - B (8)
    M 177:4 DetectionStrategy.is_valid_detection - B (7)
    M 271:4 TwoStageStrategy._classify_crop - B (7)
    F 39:0 per_label_binary_conf_threshold - B (6)
    F 78:0 should_skip_bird_species_classifier - B (6)
    F 99:0 _regional_class_ids - B (6)
    F 21:0 binary_track_ultralytics_conf_floor - A (4)
    F 60:0 bird_skip_classifier_area_limit - A (4)
    F 112:0 _track_maybe_retry - A (4)
    C 137:0 DetectionStrategy - A (4)
    M 150:4 DetectionStrategy.is_blurry - A (4)
    F 13:0 _rodent_binary_threshold_raw - A (2)
    F 95:0 _normalize_species_filter_text - A (2)
    M 511:4 TwoStageStrategy.reset - A (2)
    C 123:0 DetectionResult - A (1)
    M 138:4 DetectionStrategy.__init__ - A (1)
    M 164:4 DetectionStrategy.detect - A (1)
    M 174:4 DetectionStrategy.reset - A (1)
    M 256:4 TwoStageStrategy._normalize_class_name - A (1)
processor/src/processor_provenance.py
    F 115:0 build_pipeline_fingerprint - B (8)
    F 66:0 _sha256_for_path - B (6)
    F 57:0 _resolve_model_path - A (4)
    F 86:0 _model_record - A (4)
    F 101:0 resolve_processor_version - A (4)
    F 53:0 _processor_root - A (1)
processor/src/recording_file_gate.py
    F 8:0 _is_playable_video_file - B (6)
processor/src/recording_session.py
    M 128:4 MotionRecordingSession.run - E (37)
    M 82:4 MotionRecordingSession._has_session_activity - C (12)
    C 25:0 MotionRecordingSession - C (11)
    M 69:4 MotionRecordingSession._session_activity_camera_ids - B (9)
    M 28:4 MotionRecordingSession.__init__ - A (1)
    M 62:4 MotionRecordingSession.media_source - A (1)
    M 66:4 MotionRecordingSession.media_source - A (1)
processor/src/hypothesis_arbitration.py
    F 227:0 apply_hypothesis_arbitration - D (28)
    F 76:0 _support_count - C (15)
    F 162:0 _absorb_generic_bird - C (15)
    F 194:0 _connected_conflict_groups - C (14)
    F 62:0 _can_absorb_frigate_standalone_generic - B (8)
    F 126:0 _merge_provider_sets - B (7)
    F 105:0 _tag_row - B (6)
    F 27:0 _canonical_species_key - A (4)
    F 56:0 _is_frigate_standalone_row - A (4)
    F 41:0 _is_specific_bird - A (3)
    F 136:0 _build_generic_review_row - A (3)
    F 20:0 _safe_float - A (2)
    F 36:0 _is_rodent_like - A (2)
    F 115:0 _sync_outcome_bucket - A (2)
    F 32:0 _is_generic_bird - A (1)
    F 46:0 _overlap_seconds - A (1)
    F 52:0 _duration_seconds - A (1)
    F 97:0 _arbitration_score - A (1)
processor/src/detection_stack.py
    F 23:0 build_detection_stack - D (23)
    F 17:0 _resolve_model_path - A (2)
processor/src/motion_detectors/esphome_binary.py
    C 13:0 ESPHomeBinaryMotionDetector - A (3)
    M 23:4 ESPHomeBinaryMotionDetector._get_state - A (3)
    M 39:4 ESPHomeBinaryMotionDetector.check - A (3)
    M 49:4 ESPHomeBinaryMotionDetector.detect - A (3)
    M 16:4 ESPHomeBinaryMotionDetector.__init__ - A (1)
processor/src/motion_detectors/fake.py
    C 4:0 FakeMotionDetector - A (2)
    M 5:4 FakeMotionDetector.__init__ - A (1)
    M 9:4 FakeMotionDetector.detect - A (1)
processor/src/motion_detectors/factory.py
    F 12:0 build_motion_detector - F (48)
processor/src/motion_detectors/frigate_mqtt.py
    M 149:4 FrigateMQTTMotionDetector._on_message - C (14)
    M 80:4 FrigateMotionFromAggregator.has_recent_activity - C (12)
    M 251:4 FrigateMQTTMotionDetector.has_recent_activity - C (12)
    M 186:4 FrigateMQTTMotionDetector._run_client - B (7)
    C 101:0 FrigateMQTTMotionDetector - A (5)
    M 107:4 FrigateMQTTMotionDetector.__init__ - A (5)
    C 17:0 FrigateMotionFromAggregator - A (4)
    M 20:4 FrigateMotionFromAggregator.__init__ - A (3)
    M 29:4 FrigateMotionFromAggregator._on_motion - A (3)
    M 63:4 FrigateMotionFromAggregator.detect - A (3)
    M 232:4 FrigateMQTTMotionDetector.detect - A (3)
    M 47:4 FrigateMotionFromAggregator.check_pending - A (2)
    M 54:4 FrigateMotionFromAggregator.mark_pending - A (2)
    M 137:4 FrigateMQTTMotionDetector._on_connect - A (2)
    M 225:4 FrigateMQTTMotionDetector.start - A (2)
    M 242:4 FrigateMQTTMotionDetector.mark_pending - A (2)
    M 268:4 FrigateMQTTMotionDetector.stop - A (2)
    M 44:4 FrigateMotionFromAggregator.get_on_frigate_motion_tuple - A (1)
    M 60:4 FrigateMotionFromAggregator._connected - A (1)
    M 77:4 FrigateMotionFromAggregator.get_triggered_camera - A (1)
    M 97:4 FrigateMotionFromAggregator.stop - A (1)
    M 145:4 FrigateMQTTMotionDetector._on_disconnect - A (1)
    M 247:4 FrigateMQTTMotionDetector.get_triggered_camera - A (1)
processor/src/motion_detectors/scale_weight_motion.py
    C 11:0 ScaleWeightMotionPending - A (2)
    M 21:4 ScaleWeightMotionPending.check_pending - A (2)
    M 14:4 ScaleWeightMotionPending.__init__ - A (1)
    M 17:4 ScaleWeightMotionPending.fire - A (1)
    M 27:4 ScaleWeightMotionPending.mark_pending - A (1)
processor/src/motion_detectors/opencv_motion.py
    M 34:4 OpenCVMotionDetector.detect - B (7)
    M 64:4 OpenCVMotionDetector.check - B (6)
    C 13:0 OpenCVMotionDetector - A (5)
    M 20:4 OpenCVMotionDetector.__init__ - A (2)
    M 30:4 OpenCVMotionDetector._should_analyze - A (1)
processor/src/motion_detectors/mqtt_binary.py
    C 18:0 MQTTBinaryMotionDetector - A (3)
    M 21:4 MQTTBinaryMotionDetector.__init__ - A (3)
    M 58:4 MQTTBinaryMotionDetector._on_message - A (3)
    M 67:4 MQTTBinaryMotionDetector._run_client - A (3)
    M 88:4 MQTTBinaryMotionDetector.start - A (3)
    M 106:4 MQTTBinaryMotionDetector.detect - A (3)
    M 39:4 MQTTBinaryMotionDetector._on_connect - A (2)
    M 95:4 MQTTBinaryMotionDetector.check_pending - A (2)
    M 47:4 MQTTBinaryMotionDetector._on_disconnect - A (1)
    M 102:4 MQTTBinaryMotionDetector.mark_pending - A (1)
processor/src/motion_detectors/or_motion.py
    M 12:4 OrMotionDetector.__init__ - C (19)
    C 9:0 OrMotionDetector - B (6)
    M 32:4 OrMotionDetector._check_detector - A (4)
    M 39:4 OrMotionDetector._resolve_triggered_detector - A (4)
    M 47:4 OrMotionDetector.detect - A (4)
    M 79:4 OrMotionDetector.has_recent_frigate_activity - A (4)
    M 95:4 OrMotionDetector.stop - A (4)
    M 65:4 OrMotionDetector.requeue_last_trigger - A (3)
    M 58:4 OrMotionDetector.get_triggered_camera - A (2)
    M 76:4 OrMotionDetector.get_triggered_by - A (1)
processor/src/motion_detectors/pir.py
    C 4:0 PIRMotionDetector - A (2)
    M 5:4 PIRMotionDetector.__init__ - A (1)
    M 8:4 PIRMotionDetector.detect - A (1)
processor/src/motion_detectors/esphome_scale.py
    M 35:4 ESPHomeScaleMotionDetector._fetch_value - B (6)
    C 14:0 ESPHomeScaleMotionDetector - A (5)
    M 53:4 ESPHomeScaleMotionDetector.check_pending - A (5)
    M 72:4 ESPHomeScaleMotionDetector.detect - A (3)
    M 17:4 ESPHomeScaleMotionDetector.__init__ - A (1)
processor/src/sources/video_file_source.py
    M 406:4 VideoPlaylistSource.capture - C (17)
    M 152:4 VideoFileSource.capture - C (11)
    M 295:4 VideoPlaylistSource.start_recording - C (11)
    M 93:4 VideoFileSource._ensure_h264 - B (9)
    M 347:4 VideoPlaylistSource._ensure_h264 - B (9)
    C 222:0 VideoPlaylistSource - B (8)
    C 12:0 VideoFileSource - B (7)
    M 46:4 VideoFileSource.start_recording - B (7)
    M 78:4 VideoFileSource.stop_recording - B (7)
    M 225:4 VideoPlaylistSource.__init__ - B (7)
    M 333:4 VideoPlaylistSource.stop_recording - B (7)
    M 15:4 VideoFileSource.__init__ - A (4)
    M 269:4 VideoPlaylistSource._open_current_video - A (4)
    M 285:4 VideoPlaylistSource._advance_video - A (3)
    M 209:4 VideoFileSource.get_frame_time - A (2)
    M 215:4 VideoFileSource.close - A (2)
    M 464:4 VideoPlaylistSource.get_frame_time - A (2)
    M 469:4 VideoPlaylistSource.close - A (2)
    C 475:0 FileTestIdleSource - A (2)
    M 478:4 FileTestIdleSource.__init__ - A (1)
    M 486:4 FileTestIdleSource.start_recording - A (1)
    M 489:4 FileTestIdleSource.stop_recording - A (1)
    M 492:4 FileTestIdleSource.capture - A (1)
    M 495:4 FileTestIdleSource.get_frame_time - A (1)
    M 498:4 FileTestIdleSource.close - A (1)
processor/src/sources/streaming_server.py
    M 33:4 StreamingHandler.do_GET - A (5)
    C 32:0 StreamingHandler - A (4)
    C 15:0 StreamingOutput - A (2)
    F 65:0 start_streaming_server - A (1)
    M 18:4 StreamingOutput.__init__ - A (1)
    M 22:4 StreamingOutput.write - A (1)
    M 28:4 StreamingOutput.close - A (1)
    M 56:4 StreamingHandler.log_message - A (1)
    C 60:0 StreamingServer - A (1)
processor/src/sources/go2rtc_stream_source.py
    M 325:4 Go2RTCStreamSource.stop_recording - B (9)
    F 40:0 _build_stream_url - B (8)
    M 224:4 Go2RTCStreamSource.start_recording - B (8)
    F 21:0 _ffmpeg_stderr_log_level - B (6)
    C 62:0 Go2RTCStreamSource - A (5)
    M 71:4 Go2RTCStreamSource.__init__ - A (5)
    M 150:4 Go2RTCStreamSource._read_frame - A (5)
    M 201:4 Go2RTCStreamSource._use_intel_vaapi - A (5)
    M 366:4 Go2RTCStreamSource.push_one_frame_to_mjpeg - A (5)
    M 112:4 Go2RTCStreamSource._connect - A (4)
    M 138:4 Go2RTCStreamSource._reconnect_if_needed - A (4)
    M 159:4 Go2RTCStreamSource._update_streaming_output - A (4)
    M 166:4 Go2RTCStreamSource._probe_vaapi - A (4)
    M 349:4 Go2RTCStreamSource.capture - A (4)
    M 132:4 Go2RTCStreamSource._disconnect - A (2)
    M 379:4 Go2RTCStreamSource.close - A (2)
processor/src/schemas/events.py
    F 47:0 validate_mqtt_detection_dict - A (4)
    C 15:0 FrigateMqttEvent - A (1)
    C 29:0 BirdnetMqttEvent - A (1)

1869 blocks (classes, functions, methods) analyzed.
Average complexity: B (5.777421080791867)

## Vulture unused code (best effort)
 Container birdlense-redis  Running
WARNING: Running pip as the 'root' user can result in broken permissions and conflicting behaviour with the system package manager, possibly rendering your system unusable. It is recommended to use a virtual environment instead: https://pip.pypa.io/warnings/venv. Use the --root-user-action option if you know what you are doing and want to suppress this warning.
processor/src/feed_controller.py:54: unused variable 'seconds' (100% confidence)
processor/src/fps_tracker.py:27: unused variable 'exc_traceback' (100% confidence)
processor/src/fps_tracker.py:27: unused variable 'exc_type' (100% confidence)
processor/src/fps_tracker.py:27: unused variable 'exc_value' (100% confidence)
processor/src/motion_detectors/frigate_mqtt.py:137: unused variable 'flags' (100% confidence)
processor/src/motion_detectors/frigate_mqtt.py:137: unused variable 'userdata' (100% confidence)
processor/src/motion_detectors/frigate_mqtt.py:145: unused variable 'disconnect_flags' (100% confidence)
processor/src/motion_detectors/frigate_mqtt.py:145: unused variable 'userdata' (100% confidence)
processor/src/motion_detectors/frigate_mqtt.py:149: unused variable 'userdata' (100% confidence)
processor/src/motion_detectors/mqtt_binary.py:39: unused variable 'flags' (100% confidence)
processor/src/motion_detectors/mqtt_binary.py:39: unused variable 'userdata' (100% confidence)
processor/src/motion_detectors/mqtt_binary.py:50: unused variable 'userdata' (100% confidence)
processor/src/motion_detectors/mqtt_binary.py:51: unused variable 'disconnect_flags' (100% confidence)
processor/src/motion_detectors/mqtt_binary.py:58: unused variable 'userdata' (100% confidence)
processor/src/mqtt_aggregator.py:29: unused import '_parse_birdnet_event' (90% confidence)
processor/src/mqtt_aggregator.py:29: unused import '_parse_frigate_event' (90% confidence)
processor/src/mqtt_aggregator.py:418: unused variable 'flags' (100% confidence)
processor/src/mqtt_aggregator.py:418: unused variable 'userdata' (100% confidence)
processor/src/mqtt_aggregator.py:575: unused variable 'userdata' (100% confidence)
processor/src/mqtt_aggregator.py:615: unused variable 'userdata' (100% confidence)
processor/src/sources/go2rtc_stream_source.py:77: unused variable 'pre_record_seconds' (100% confidence)
processor/src/sources/streaming_server.py:56: unused variable 'format' (100% confidence)
web/migrations/env.py:47: unused variable 'revision' (100% confidence)
web/services/feed_service.py:57: unused variable 'userdata' (100% confidence)
web/services/report_service.py:31: unused variable 'is_first_page' (100% confidence)
web/tests/test_feed_scale_tare_auth.py:21: unused variable 'dual_password' (100% confidence)
web/tests/test_feed_scale_tare_auth.py:34: unused variable 'dual_password' (100% confidence)
web/tests/test_fusion_product_service.py:86: unused variable 'capture_output' (100% confidence)
web/tests/test_perf_sql_query_budget.py:15: unused variable 'executemany' (100% confidence)
web/tests/test_perf_sql_query_budget.py:15: unused variable 'parameters' (100% confidence)
web/tests/test_processor_custom_weights_api.py:43: unused variable 'isolated_user_config' (100% confidence)
web/tests/test_processor_custom_weights_api.py:54: unused variable 'isolated_user_config' (100% confidence)
web/tests/test_processor_custom_weights_api.py:77: unused variable 'isolated_user_config' (100% confidence)
web/tests/test_processor_custom_weights_api.py:99: unused variable 'isolated_user_config' (100% confidence)


## JS/TS duplicate scan (jscpd)
Clone found (tsx):
 - app/ui/src/pages/System/Retention/RetentionPolicy.tsx [230:9 - 278:4] (48 lines, 332 tokens)
   app/ui/src/pages/System/Retention/RetentionPolicy.tsx [216:9 - 261:10]

Clone found (javascript):
 - app/ui/src/pages/Settings/sections/GeneralSection.tsx [367:2 - 404:25] (37 lines, 357 tokens)
   app/ui/src/pages/Settings/sections/GeneralSecurityAccordion.tsx [42:2 - 81:23]

Clone found (tsx):
 - app/ui/src/pages/Settings/sections/GeneralSection.tsx [433:17 - 486:23] (53 lines, 353 tokens)
   app/ui/src/pages/Settings/sections/GeneralYamlBackupAccordion.tsx [53:11 - 105:17]

Clone found (javascript):
 - app/ui/src/pages/Settings/sections/EBirdSection.tsx [75:11 - 286:37] (211 lines, 1785 tokens)
   app/ui/src/pages/Settings/sections/IntegrationsSection.tsx [77:11 - 287:35]

Clone found (tsx):
 - app/ui/src/pages/Settings/sections/EBirdSection.tsx [96:30 - 227:3] (131 lines, 1126 tokens)
   app/ui/src/pages/Settings/sections/IntegrationsSection.tsx [98:37 - 228:2]

Clone found (javascript):
 - app/ui/src/pages/Settings/sections/ConnectionsSection.tsx [34:11 - 118:23] (84 lines, 717 tokens)
   app/ui/src/pages/Settings/sections/GeneralConnectionAccordion.tsx [31:11 - 115:17]

Clone found (javascript):
 - app/ui/src/pages/Settings/sections/ConnectionsSection.tsx [108:24 - 186:34] (78 lines, 613 tokens)
   app/ui/src/pages/Settings/sections/GeneralConnectionAccordion.tsx [133:28 - 211:25]

Clone found (javascript):
 - app/ui/src/pages/Settings/sections/ConnectionsSection.tsx [213:23 - 263:32] (50 lines, 405 tokens)
   app/ui/src/pages/Settings/sections/GeneralConnectionAccordion.tsx [199:27 - 253:24]

Clone found (javascript):
 - app/ui/src/pages/Settings/sections/ConnectionsSection.tsx [331:2 - 372:2] (41 lines, 367 tokens)
   app/ui/src/pages/Settings/sections/GeneralConnectionAccordion.tsx [259:2 - 309:2]

Clone found (tsx):
 - app/ui/src/pages/Settings/sections/ConnectionsSection.tsx [55:36 - 114:19] (59 lines, 528 tokens)
   app/ui/src/pages/Settings/sections/GeneralConnectionAccordion.tsx [52:35 - 111:19]

Clone found (tsx):
 - app/ui/src/pages/Settings/sections/ConnectionsSection.tsx [108:2 - 187:6] (79 lines, 618 tokens)
   app/ui/src/pages/Settings/sections/GeneralConnectionAccordion.tsx [133:2 - 212:5]

Clone found (tsx):
 - app/ui/src/pages/Settings/sections/ConnectionsSection.tsx [215:19 - 264:11] (49 lines, 406 tokens)
   app/ui/src/pages/Settings/sections/GeneralConnectionAccordion.tsx [205:19 - 254:5]

Clone found (tsx):
 - app/ui/src/pages/Settings/sections/ConnectionsSection.tsx [331:2 - 388:3] (57 lines, 461 tokens)
   app/ui/src/pages/Settings/sections/GeneralConnectionAccordion.tsx [268:15 - 325:2]

Clone found (javascript):
 - app/ui/src/pages/System/ObservabilityCard.tsx [120:2 - 184:2] (64 lines, 644 tokens)
   app/ui/src/pages/System/ObservabilityCard.tsx [112:7 - 161:2]

Clone found (tsx):
 - app/ui/src/pages/Overview/index.tsx [227:5 - 274:3] (47 lines, 444 tokens)
   app/ui/src/pages/Overview/index.tsx [219:2 - 252:2]

Clone found (python):
 - app/processor/src/sources/video_file_source.py [334:9 - 407:3] (73 lines, 517 tokens)
   app/processor/src/sources/video_file_source.py [80:9 - 153:71]

Clone found (python):
 - app/web/services/birdnet_fifo_view_service.py [128:5 - 191:40] (63 lines, 666 tokens)
   app/processor/src/birdnet_fifo_snapshot.py [79:5 - 142:28]

Markdown report saved to .review-automation/jscpd/jscpd-report.md
time: 14.414s
